Category,Rank,Title,Price,Rating,Number of Reviews
Books,#1,Sacred Waters,₹358.00,4.7 out of 5 stars,58
Books,#2,Educart PRAYAS CBSE Class 10 for 2026 (Introducing revolutionary marks increment concept - NCERT CHITS) (class 10 mock paper 2026),₹697.00,4.4 out of 5 stars,"1,221"
Books,#3,"My First Library: Boxset of 10 Board Books for Kids (Pack 1) | Includes ABC, Numbers, Shapes, Colors, Wild Animals, Farm Animals & Pets, Birds, Fruits, Vegetables & Transport | Early Learning Board Books for Babies, Toddlers & Preschoolers | Ages 0-3 Years",₹379.00,4.5 out of 5 stars,"87,739"
Books,#4,"Oswaal CBSE 20 Combined Sample Question Papers class 10 (English Lang & Lit, Maths Standard, Science & Social Science) for 2026 Board Exam (As per CBSE Sample Question Paper issued on 30 July 2025)",₹399.00,4.6 out of 5 stars,55
Books,#5,The Psychology of Money,₹285.00,4.6 out of 5 stars,"77,869"
Books,#6,"Oswaal CBSE 15 Sample Question Papers Class 10 Science for 2026 Board Exam (As per CBSE Sample Question Paper issued on 30 July 2025), recommended by 2025 CBSE Toppers with Chapter wise Highly Probable Questions, includes 5 Most Likely SQPs & all types of CBQs",₹355.00,4.4 out of 5 stars,673
Books,#7,Atomic Habits: The life-changing million copy bestseller,₹526.00,4.6 out of 5 stars,"108,248"
Books,#8,"White Nights – Fyodor Dostoyevsky | A Million-Copy Bestseller | A Timeless Story of Love, Longing & Solitude – Penguin Classics",₹112.00,4.6 out of 5 stars,Fyodor Dostoyevsky
Books,#9,"Indian Polity Courseware (English), 8e by M Laxmikanth for UPSC CSE 2025-26 | 40+ Conceptual Videos | 95 Well-structured Chapters | 18 Insightful ... UPSC Main Exam Questions | Practice Questions",₹748.00,4.6 out of 5 stars,636
Books,#10,Dopamine Detox: A Short Guide to Remove Distractions and Get Your Brain to Do Hard Things,₹182.00,4.4 out of 5 stars,"16,895"
Books,#11,"Oswaal CBSE 15 Sample Question Papers Class 10 Mathematics Standard for 2026 Board Exam (As per CBSE Sample Question Paper issued on 30 July 2025), recommended by 2025 CBSE Toppers",₹360.00,4.4 out of 5 stars,701
Books,#12,"Ikigai: The Japanese Secret to a Long and Happy Life | A Global Self-Help Phenomenon that Guides You Towards a Joyful, Balanced, and Meaningful Life",₹363.00,4.6 out of 5 stars,"60,793"
Books,#13,"Courage To Be Disliked, The: How to free yourself, change your life and achieve real happiness",₹338.00,4.6 out of 5 stars,Ichiro Kishimi and Fumitake Koga
Books,#14,The Mountain Is You: Transforming Self-Sabotage Into Self-Mastery (English),₹262.00,4.4 out of 5 stars,"25,283"
Books,#15,"Parmar SSC Fatman | GK/GS Theory Book | English Medium | 1st Edition, 2025 | Useful For SSC CGL and CHSL (Tier 1 & 2) | CPO | MTS | Steno | Selection Post | JE | GD | Defence | Railway | PCS | State Police & All Other One Day Competitive Examination",₹439.00,4.4 out of 5 stars,922
Books,#16,Deewar Mein Ek Khidki Rahti Thi । दीवार में एक खिड़की रहती थी [ साहित्य अकादमी पुरस्कार से पुरस्कृत उपन्यास ],₹190.00,4.4 out of 5 stars,"1,835"
Books,#17,"PW Kids First Library Box Set of 10 Board Books l Gift Set for Children Ages 1, 2, 3, 4, 5 Years",₹369.00,4.5 out of 5 stars,785
Books,#18,"PW NTA 15 NEET Rankers Test Series 2026 | Expert Verified & Curated | 15 NEET-Like Test Booklets, 15 OMR Sheets, Solution Booklet, Rank Predictor & Statewise Cutoff Guide | Neet Test Series 2026",₹699.00,4.4 out of 5 stars,374
Books,#19,"Lucent's General Knowledge 2025 | 15th Revised Edition | English Medium | For UPSC, SSC, NDA, CDS, Banking, Railways, Defence & All Competitive Exams",₹215.00,4.3 out of 5 stars,324
Books,#20,Was I Ever Enough?,₹248.00,4.6 out of 5 stars,329
Books,#21,I Cannot Say Goodbye to You: An unforgettable romance novel by one of India’s most popular writers - Rithvik Singh,₹273.00,5.0 out of 5 stars,28
Books,#22,My First Book of Patterns Pencil Control: Patterns Practice book for kids (Pattern Writing) |Best Selling Tracing Book for Kids in India | Early Learning | Tracing Lines & Pattern Writing Activities | Premium Quality Return Gift | Ages 2 - 5 Years | 1.5 hours of fun time,₹125.00,4.4 out of 5 stars,"32,078"
Books,#23,"Oswaal CBSE 15 Sample Question Papers Class 10 Social Science for 2026 Board Exam (As per CBSE Sample Question Paper issued on 30 July 2025), recommended by 2025 CBSE Toppers with Chapter wise Highly Probable Questions, includes 5 Most Likely SQPs & all types of CBQs",₹361.00,4.4 out of 5 stars,467
Books,#24,The Power of Your Subconscious Mind: Original Classic Edition | Premium Paperback,₹147.00,4.4 out of 5 stars,"80,545"
Books,#25,Ayodhya Cherina Krishna - Telugu Novel,₹249.00,4.7 out of 5 stars,172
Books,#26,Don't Believe Everything You Think (English),₹171.12,4.5 out of 5 stars,"14,905"
Books,#27,"Oswaal CBSE 15 Sample Question Papers Class 10 English, Science, Social Science & Maths Standard (Set of 4 Books) for 2026 Board Exam (As per CBSE Sample Question Paper issued on 30 July 2025)","₹1,400.00",4.5 out of 5 stars,531
Books,#28,"You Can Have It All: Unlock the Secrets to a Great Life by Gaur Gopal Das | A Monk’s Guide to Balance, Purpose, Happiness and Inner Peace",₹293.00,4.5 out of 5 stars,28
Books,#29,"Mother Mary Comes to Me: From the Booker Prize-Winning Author, Arundhati Roy",₹550.00,4.7 out of 5 stars,"2,045"
Books,#30,"1 O’Clock Class 10 (Science + Social Science) Combo | Flowcharts, Tables, Premium Art Paper | Audiobooks on App + 3D Interactive Diagrams via QR | NCERT-CBSE Aligned",₹499.00,4.7 out of 5 stars,121
Electronics,#1,"Redmi A4 5G (Sparkle Purple, 4GB RAM, 64GB Storage) | Segment Largest 6.88in 120Hz | 50MP Dual Camera | 18W Fast Charging | Charger in The Box",N/A,4.0 out of 5 stars,"10,837"
Electronics,#2,"OnePlus Nord Buds 3r TWS Earbuds up to 54 Hours Playback, 2-mic Clear Calls, 3D Spatial Audio, AI Translation, 12.4mm Drivers, Dual-Device Connectivity, 47ms Low Latency - Ash Black","₹1,799.00",4.2 out of 5 stars,"37,141"
Electronics,#3,"OnePlus Bullets Wireless Z3 in-Ear Neckband with 12.4mm Drivers, 3D Spatial Audio,10 mins Charge for 27 hrs Playback, 4 EQ preset, Dynamic bass Enhancement & BT5.4","₹1,599.00",4.1 out of 5 stars,"219,831"
Electronics,#4,"Ambrane Unbreakable 3A Fast Charging 1.5m Braided Type C Cable for Smartphones, Tablets & other Type C devices, 480Mbps Data Sync, Quick Charge 3.0 (RCT15A, Black)",₹149.00,4.0 out of 5 stars,"85,430"
Electronics,#5,"Fire-Boltt Aero TWS Ear Buds Custom EQ, Wireless Bluetooth 5.4, 50H Playtime, 50ms Low Latency, Fast Charging Case, App Support, Touch Controls, IPX4 Waterproof, Gaming & Music",₹699.00,4.1 out of 5 stars,"7,514"
Electronics,#6,"Samsung Original 25W USB Type-C Travel Adaptor Without Cable for Google Pixel, Xiaomi, Motorola, iPhone, Samsung Galaxy Tab S/A Series, Galaxy S10/M54/M55/A80/A90/S25/S24, White",₹925.00,4.4 out of 5 stars,"49,962"
Electronics,#7,"boAt 2025 Launch Rockerz 113, 40H Battery, Dual Pair, Fast Charge, ENx Tech, Stream Ad Free Music via App Support, Magnetic Buds, Bluetooth Neckband, Wireless with Mic in Ear Earphones (Active Black)",₹799.00,4.0 out of 5 stars,"5,780"
Electronics,#8,"OnePlus Nord Buds 3 Pro Truly Wireless Bluetooth Earbuds with Upto 49dB Active Noise Cancellation,12.4mm Dynamic Drivers,10mins for 11Hrs Fast Charging with Upto 44Hrs Music Playback [Starry Black]","₹2,999.00",4.2 out of 5 stars,"15,068"
Electronics,#9,"iQOO Z10x 5G (Ultramarine, 6GB RAM, 128GB Storage) | 6500 mAh Large Capacity Battery | Dimensity 7300 Processor | Military-Grade Durability","₹14,999.00",4.4 out of 5 stars,"9,025"
Electronics,#10,Boat BassHeads 100 in-Ear Headphones with Mic (Black),₹349.00,4.1 out of 5 stars,"430,136"
Electronics,#11,"YATWIN Silicone Back Case for iPhone 12/12 Pro, Soft-Touch Phone Back Cover for Apple iPhone 12/12 Pro - Black",₹299.00,4.0 out of 5 stars,"7,082"
Electronics,#12,"boAt Rockerz 255 Pro+, 60HRS Battery, Fast Charge, IPX7, Dual Pairing, Low Latency, Magnetic Earbuds, in Ear Bluetooth Neckband, Wireless with Mic Earphones (Active Black)","₹1,099.00",3.9 out of 5 stars,"246,090"
Electronics,#13,"Samsung Galaxy A55 5G (Awesome Iceblue, 8GB RAM, 256GB Storage) | AI | Metal Frame | 50 MP Main Camera (OIS) | Super HDR Video| Nightography | IP67 | Corning Gorilla Glass Victus+ | sAMOLED Display","₹25,999.00",4.3 out of 5 stars,"4,791"
Electronics,#14,"Ambrane Magsafe Wireless 10000Mah Fast Charging USB Type-C Input Power Bank, Strong Magnet, 22.5W Output For iPhone 12 & Above, Android & Other Qi Enabled Devices + Magnetic Ring (Aerosync Snap, Blue)","₹1,259.00",3.9 out of 5 stars,"5,819"
Electronics,#15,"Kratos K9 Selfie Stick Tripod With Light, 67 inch /170CM Reinforced Tripod for Mobile Phone, Multi-Functional Bluetooth Long Selfie Stick for Travel,Vlogging,Compatible with iPhone and All Smartphones",₹596.00,4.2 out of 5 stars,"2,535"
Electronics,#16,"POCO M7 5G, Ocean Blue (6GB, 128GB)","₹9,999.00",4.2 out of 5 stars,"2,421"
Electronics,#17,"Portronics Conch Theta C in Ear Type C Wired Earphones with in Line HD Mic, Powerful Audio, 14.2mm Driver, Unique Earbuds Design, TPE Anti Tangle Wire, in line Controls, Wide Compatibility(White)",₹279.00,4.0 out of 5 stars,"5,655"
Electronics,#18,"iQOO Z10 Lite 5G (Cyber Green, 6GB RAM, 128GB Storage) | 6000 mAh Battery | Dimensity 6300 5G Processor with 433K+* AnTuTu Score | IP64 Rated & Military Grade Shock-Resistance*","₹12,999.00",4.1 out of 5 stars,"5,013"
Electronics,#19,"boAt BassHeads 225 in-Ear Super Extra Bass Wired Headphones, with Mic (Black)",₹399.00,4.0 out of 5 stars,"116,646"
Electronics,#20,"Noise Buds N1 Truly Wireless Earbuds with Chrome Finish, 40H of Playtime, Quad Mic with ENC, Ultra Low Latency Gaming (Up to 40 Ms), Instacharge(10 Min=120 Min), Bluetooth V5.3(Carbon Black)",₹799.00,3.8 out of 5 stars,"13,429"
Electronics,#21,"Noise Twist Round dial Smart Watch with Bluetooth Calling, 1.38"" TFT Display, up-to 7 Days Battery, 100+ Watch Faces, IP68, Heart Rate Monitor, Sleep Tracking (Jet Black)","₹1,299.00",4.0 out of 5 stars,"50,236"
Electronics,#22,"boAt 2025 Launch Airdopes 219, 4Mics ENx, 40H Battery, Best in Segment for Calling, Stream Ad Free Music via App Support, Bluetooth Earbuds, TWS Ear Buds Wireless Earphones with mic (Forest Sage)","₹1,099.00",3.9 out of 5 stars,"2,631"
Electronics,#23,"Samsung Galaxy M17 5G (Sapphire Black, 6GB RAM, 128GB Storage)| 50MP OIS Triple Camera| Gorilla Glass Victus| IP54 Rating| 6 Gen of OS Upgrades| AI| Circle to Search| Gemini Live| Without Charger","₹14,499.00",4.1 out of 5 stars,740
Electronics,#24,"Safari Omega spacious/large laptop backpack with Raincover, college bag, travel bag for men and women, Black, 30 Litre",₹669.00,4.1 out of 5 stars,"13,188"
Electronics,#25,"Boat Airdopes Joy, 35Hrs Battery, Fast Charge, IWP Tech, Low Latency, 2Mic ENx, Type-C Port, v5.3 Bluetooth Earbuds, TWS Ear Buds Wireless Earphones with mic(Jet Black)",₹799.00,3.8 out of 5 stars,"7,088"
Electronics,#26,OnePlus Nord CE5 | Massive 7100mAh Battery | MediaTek Dimensity 8350 Apex | Powered by OnePlus AI | 12GB + 256GB | Black Infinity,"₹28,998.00",4.4 out of 5 stars,"3,913"
Electronics,#27,"Nokia All-New 105 Single Sim Keypad Phone with Built-in UPI Payments, Long-Lasting Battery, Wireless FM Radio| 1 Year Replacement Guarantee | Charcoal","₹1,199.00",3.9 out of 5 stars,"158,014"
Electronics,#28,"TheGiftKart Ultra-Hybrid Crystal Clear Back Case Cover for iPhone 17 Pro | Shockproof Design | Hard Back Cover Case for iPhone 17 Pro (PC & TPU, Transparent)",₹279.00,4.2 out of 5 stars,"17,241"
Electronics,#29,"realme Buds T310 True Wireless in-Ear Earbuds with 46dB Hybrid ANC, 360° Spatial Audio, 12.4mm Dynamic Bass Driver, Upto 40Hrs Battery and Fast Charging (Vibrant Black)",N/A,4.2 out of 5 stars,"17,275"
Electronics,#30,"POPIO Military-Grade Gorilla Tempered Glass For iPhone 15/16 (Black) 9H Hardness, Edge-to-Edge Full Coverage, Anti-Scratch, Bubble-Free, Ultra Clear HD Glass, Oleophobic Coating, Face ID Compatible",₹299.00,4.0 out of 5 stars,"27,091"
Home & Kitchen,#1,"AGARO Elite Lint Remover with Cord, for Woolen Sweaters, Blankets, Jackets/Burr Remover Pill Remover from Carpets, Curtains",₹379.00,4.3 out of 5 stars,"5,724"
Home & Kitchen,#2,Amazon Brand - Presto! Garbage Bags | Medium | 180 Count | 30 Bags X 6 Rolls | 19 X 21 Inches | For Dry & Wet Waste | Black,₹335.00,4.4 out of 5 stars,"55,644"
Home & Kitchen,#3,"Pigeon Amaze Plus Electric Kettle 1.5 L, 1300 Watt, Stainless Steel Body with Auto Shut-off Feature Used for Boiling Water - (Silver)",₹479.00,4.0 out of 5 stars,"172,504"
Home & Kitchen,#4,Orient Electric Areva Portable Room Heater | 2000W | Two Heating Modes | Advanced Overheat Protection | Horizontal & Vertical Mount | 1-year replacement warranty by Orient | White,"₹1,399.00",3.9 out of 5 stars,"8,438"
Home & Kitchen,#5,"Atom 10Kg Kitchen Weight Machine 6 Months Manufacturer Warranty, Digital Scale with LCD Display, Scale for Home Baking, Cooking & Balance Diet. Machine with capacity 10Kg, SF400/A121,Color May Vary",₹215.00,4.0 out of 5 stars,"19,449"
Home & Kitchen,#6,Orpat OEH-1220 2000-Watt Fan Heater (White),"₹1,189.00",4.1 out of 5 stars,"55,412"
Home & Kitchen,#7,"Trance 100% Waterproof Premium Cotton Feel Mattress Protector King Size 78x72 Inches | Breathable and Hypoallergenic Ultra Soft Fitted Bed Protector Cover (78""x72"" King, Grey)",₹575.00,4.2 out of 5 stars,"37,254"
Home & Kitchen,#8,"Ganga Acrowools Acrylic Desire Hand Knitting and Crochet Yarn. Pack of 1 Ball - 100Gms. Shade No - Dsr004, Cream",₹176.00,4.4 out of 5 stars,"3,176"
Home & Kitchen,#9,"Milton Aura 1000 Thermosteel Water Bottle, 24 Hr Hot and Cold I Leak Proof Lid, ISI Certified I Vacuum Insulated I for Office, Gym, School I Grey",₹956.00,4.1 out of 5 stars,"21,270"
Home & Kitchen,#10,"NutriPro Juicer Mixer Grinder - Smoothie Maker - 500 Watts (2 Jars & 1 Blade, Silver) - 2 Year Warranty","₹1,599.00",4.4 out of 5 stars,"24,458"
Home & Kitchen,#11,"One94Store Astronaut Galaxy Projector Night Light – 360° Rotating Nebula Star Projector with Remote Control, Timer & Adjustable Head – Space Lamp for Kids’ Bedroom, Gifts, Gaming Room, Home & Décor",₹699.00,4.1 out of 5 stars,"5,117"
Home & Kitchen,#12,"Ezee Live Life Ezee Way Plastic Black Garbage Bags for Dustbin|90 Pcs|Medium 19 X 21 Inches|30 Pcs X Pack of 3, 3 count",₹137.00,4.2 out of 5 stars,"38,357"
Home & Kitchen,#13,"Zulaxy Photo Frame Hooks for Wall Without Drilling, 10 Pack Self Adhesive Hooks for Wall Heavy Duty Strong Nail Free for Hanging Photo Frame (Hanging Hook, Transparent) Stainless Steel",₹259.00,4.0 out of 5 stars,"14,741"
Home & Kitchen,#14,Amazon Brand - Presto! Garbage Bags | Large | 90 Count | 15 Bags X 6 Rolls | 24 X 32 Inches | For Dry & Wet Waste | Black,₹329.00,4.4 out of 5 stars,"16,364"
Home & Kitchen,#15,"Milton Rapid Electric Kettle 1.8L | 1500 Watts | Stainless Steel Hot Water portable Electric Kettle for Home, Office | Auto Shut-Off with Wide Mouth | Cool-touch Handle and Single-Touch Lid Lock",₹636.00,3.8 out of 5 stars,"3,130"
Home & Kitchen,#16,"Milton Flip Lid 1000 Thermosteel Water Bottle 1 LTR, 24 Hr Hot and Cold I Leak Proof Lid, ISI Certified I Vacuum Insulated I for Office, Gym, School I Silver",₹978.00,4.2 out of 5 stars,"156,288"
Home & Kitchen,#17,"Amazon Brand - Solimo 2000/1000 Watts Room Heater with Adjustable Thermostat (ISI certified, White colour, Ideal for small to medium room/area)","₹1,089.00",3.9 out of 5 stars,"30,014"
Home & Kitchen,#18,"PEXPO Craft Pro 1000 ISI Certified Stainless Steel Sports/Fridge Water Bottle with Sipper Cap - 950ml | Single Wall | For Home, Office, Gym, Travelling | Lightweight| BPA Free - Pink&Purple Ombre",₹299.00,4.1 out of 5 stars,"3,397"
Home & Kitchen,#19,Homestrap Set of 6 Non-Woven Printed Saree Cover/Cloth Storage/Wardrobe Organizer For Clothes with Transparent Window (Grey)(Shark Tank Featured) 45cmx33cmx22cm,₹329.00,4.0 out of 5 stars,"20,140"
Home & Kitchen,#20,"AERYS Digital Alarm Clock with Automatic Sensor, Date and Temperature Display, Compact Desk Table Clock for Students, Home, Office, Bedroom, Living Room,Home Decor, Corporate Use (Black Digital)",₹289.00,3.8 out of 5 stars,"6,961"
Home & Kitchen,#21,Shalimar Premium (Lavender Fragrance) Scented Garbage Bags | Medium 19 X 21 Inches | 120 Bags (30 Bags X 4 Rolls) | Dustbin Bag/Trash Bag | (Black) - Perforated Box for Easy Dispensing,₹289.00,4.5 out of 5 stars,"23,102"
Home & Kitchen,#22,"Amazon Brand - Solimo Microfibre Reversible Comforter, Double (Subtle Beige & Walnut Brown, 200 GSM), 50 TC","₹1,199.00",4.2 out of 5 stars,"68,735"
Home & Kitchen,#23,"Pigeon Polypropylene Mini Handy and Compact Chopper with 3 Blades for Effortlessly Chopping Vegetables and Fruits for Your Kitchen (12420, Green, 400 ml)",₹149.00,3.9 out of 5 stars,"317,442"
Home & Kitchen,#24,"Fresh Assorted Roses (Button Roses), 100g",N/A,4.2 out of 5 stars,177
Home & Kitchen,#25,Coffee Frother Electric Rechargeable Coffee Maker Machine for Home Electric Coffee Frother Machine & Milk Whisker with Dual Spring Tech GetSetNova | 1 Year Warranty | Free Recipe Book (Frother),₹299.00,4.6 out of 5 stars,"11,298"
Home & Kitchen,#26,"Pigeon Kessel Multipurpose Kettle (12173) 1.2 litres with Stainless Steel Body, used for boiling Water and milk, Tea, Coffee, Oats, Noodles, Soup etc. 600 Watt (Black & Silver)",₹719.00,3.8 out of 5 stars,"26,563"
Home & Kitchen,#27,"Wakefit 100% Waterproof Premium Cotton Mattress Protector | Breathable and Hypoallergenic Ultra Soft Fitted Bed Protector 78""x72"" - King, Grey",N/A,4.3 out of 5 stars,"112,306"
Home & Kitchen,#28,Wakefit Hollow Fiber Sleeping Pillow | Height Adjustable | Soft & Fluffy Comfort | White & Grey | 27 x 16 Inch | Set of 2 |Free Extra Fiber for Custom Comfort (300 Grams),₹845.00,4.3 out of 5 stars,"79,346"
Home & Kitchen,#29,"CareFoam Memory Foam Cervical Neck Pillow | 2 Years Warranty | Pain Relief Sleep, Improves Posture Spinal Alignment, Neck Pain Relief | Queen 19 x 11 x 3.5 Inch | White Jacquard Cover | Pack of 1",₹599.00,4.0 out of 5 stars,"2,737"
Home & Kitchen,#30,Orient Electric Arc Plus 1.5kw |Immersion water heater|100% shock proof body|Heavy copper element|With Bucket clip| ISI certified | 2 years replacement warranty,₹549.00,4.0 out of 5 stars,"2,585"
Kindle Store,#1,Harry Potter and the Philosopher's Stone,₹313.95,4.7 out of 5 stars,"134,364"
Kindle Store,#2,50 Things to Realize Before It's too late (Thought Provoking Series Book 1),₹248.00,4.4 out of 5 stars,807
Kindle Store,#3,50 Greatest Short Stories,₹226.12,4.3 out of 5 stars,"1,094"
Kindle Store,#4,The 7 Habits of Highly Effective People: The Infographics Edition,₹209.00,4.5 out of 5 stars,"19,208"
Kindle Store,#5,Finding Shiva: A Scientific Exploration of the Formless God,₹249.00,4.2 out of 5 stars,26
Kindle Store,#6,The Answer Is No: A Short Story,₹69.00,4.5 out of 5 stars,"55,624"
Kindle Store,#7,How to Win Friends and Influence People,₹10.62,4.4 out of 5 stars,"108,773"
Kindle Store,#8,"Fake It 'til You Make It: A laugh-out-loud, fake-dating romantic comedy from Laura Carter",₹154.46,4.2 out of 5 stars,"2,454"
Kindle Store,#9,"30 DAYS: Change your habits, Change your life",₹226.12,4.4 out of 5 stars,"2,945"
Kindle Store,#10,How to Become a People Magnet: 62 Life-Changing Tips to Attract Everyone You Meet,₹149.10,4.4 out of 5 stars,Mark Reklau
Kindle Store,#11,The Art of War,₹51.45,4.1 out of 5 stars,"19,128"
Kindle Store,#12,Between the Lines,₹399.00,4.3 out of 5 stars,"5,344"
Kindle Store,#13,Autobiography of a Yogi,₹51.45,4.6 out of 5 stars,"1,635"
Kindle Store,#14,108 Panchatantra Stories,₹90.00,4.1 out of 5 stars,308
Kindle Store,#15,The Housemaid: An absolutely addictive psychological thriller with a jaw-dropping twist,₹331.00,4.4 out of 5 stars,"586,968"
Kindle Store,#16,THINK AND GROW RICH,₹51.45,4.4 out of 5 stars,"3,523"
Kindle Store,#17,Dopamine Detox : A Short Guide to Remove Distractions and Get Your Brain to Do Hard Things (Productivity Series Book 1),₹99.00,4.4 out of 5 stars,"16,895"
Kindle Store,#18,The Wrong Daughter: The absolutely unputdownable psychological thriller with a jaw-dropping twist by Dandy Smith for 2025!,₹302.10,4.0 out of 5 stars,"14,734"
Kindle Store,#19,Silent Flames,₹499.00,4.5 out of 5 stars,"1,123"
Kindle Store,#20,The Cruel Prince (The Folk of the Air),₹296.40,4.5 out of 5 stars,"65,772"
Kindle Store,#21,From the Rat Race to Financial Freedom: A Common Man’s Journey... (3rd Edition),₹353.41,4.4 out of 5 stars,666
Kindle Store,#22,How to Become Rich: 12 Lessons I Learnt from Vedic and Puranic Stories,₹149.47,4.4 out of 5 stars,905
Kindle Store,#23,50 GREATEST DETECTIVE STORIES,₹295.45,3.9 out of 5 stars,189
Kindle Store,#24,Chanakya in Daily Life,₹226.80,4.4 out of 5 stars,"1,770"
Kindle Store,#25,Mindful Zen Habits:,₹149.47,4.4 out of 5 stars,803
Kindle Store,#26,We Are There for Each Other: An Intense Love Story of 4 Friends on a Road Trip of a Lifetime • Romance • Friendship • Fighting for Love • Travel Fiction,₹499.00,4.4 out of 5 stars,313
Kindle Store,#27,நெஞ்சுக்குள்ளே கேட்குதே: Nenjukulle ketkuthey (Tamil Edition),₹499.00,4.5 out of 5 stars,55
Kindle Store,#28,Truth and Tinsel: A Marriage In Crisis Romance,₹449.00,4.3 out of 5 stars,"1,342"
Kindle Store,#29,Seriously Silly Jokes for Kids: Joke Book for Boys and Girls ages 7-12,₹250.00,4.1 out of 5 stars,"1,193"
Kindle Store,#30,The Heart of a Storm (The Il Cuore Heirs Book 1),₹199.00,4.5 out of 5 stars,35
Movies & TV Shows,#1,Red Dead Redemption 2 Europe Region,"₹2,410.00",4.3 out of 5 stars,"11,269"
Movies & TV Shows,#2,Planet of the Apes Trilogy (Uncut) [4K Ultra HD/Blu-ray] (2011-2017) | 3 Movies | 6 Discs (3 4K + 3 BD) | Imported from USA | 20th Century Fox | 375 min | Action Sci-Fi Fantasy,"₹5,990.00",5.0 out of 5 stars,1
Movies & TV Shows,#3,Tomb Raider: Definitive Edition (PS4),"₹1,499.00",4.6 out of 5 stars,SQUARE ENIX
Movies & TV Shows,#4,My Name is Khan,₹145.00,4.4 out of 5 stars,Shah Rukh Khan
Movies & TV Shows,#5,The Matrix: 4-Film Déjà Vu Collection,"₹2,790.00",4.5 out of 5 stars,"Reeves, Keanu"
Movies & TV Shows,#6,Tenet,"₹2,898.00",4.3 out of 5 stars,John David Washington
Movies & TV Shows,#7,Underdog BD,₹399.00,4.5 out of 5 stars,Jason Lee
Movies & TV Shows,#8,2 Movies Collection: Spider-Man: Far From Home + Spider-Man: Homecoming (Blu-ray 3D) (2-Disc),"₹2,199.00",4.6 out of 5 stars,Tom Holland
Movies & TV Shows,#9,The Shawshank Redemption (2-Disc),₹800.00,4.6 out of 5 stars,Tim Robbins
Movies & TV Shows,#10,Bachna Ae Haseeno - Special Edition,₹299.00,4.1 out of 5 stars,Ranbir Kapoor
Movies & TV Shows,#11,Ek Tha Tiger - Special Edition,₹299.00,3.9 out of 5 stars,Salman Khan
Movies & TV Shows,#12,Chakde! India,N/A,4.0 out of 5 stars,Shah Rukh Khan
Movies & TV Shows,#13,Hum Tum,₹599.00,4.3 out of 5 stars,Saif Ali Khan
Movies & TV Shows,#14,War for the Planet of the Apes (2017) (Blu-ray),₹690.00,4.2 out of 5 stars,Woody Harrelson
Movies & TV Shows,#15,Chuck Norris - Code of Silence,₹799.00,4.5 out of 5 stars,Chuck Norris
Movies & TV Shows,#16,Chuck Norris - Missing in Action,₹750.00,4.4 out of 5 stars,Chuck Norris
Movies & TV Shows,#17,Die Hard with a Vengeance,₹999.00,4.8 out of 5 stars,Bruce Willis
Movies & TV Shows,#18,Cat People (Full Uncut Version),₹999.00,4.6 out of 5 stars,Nastassja Kinski
Movies & TV Shows,#19,Dhobi Ghat (Mumbai Diaries) - Special Edition,₹890.00,4.2 out of 5 stars,Prateik Babbar
Movies & TV Shows,#20,"The Hateful Eight (Uncut) [Blu-ray/DVD + UltraViolet] (2015) | Imported from USA | Starz/Anchor Bay | 168 min | Region A Locked | Crime Drama Mystery | Director: Quentin Tarantino | Starring: Samuel L. Jackson, Kurt Russell, Jennifer Jason Leigh",N/A,4.7 out of 5 stars,Samuel L. Jackson
Movies & TV Shows,#21,Superman,"₹5,999.00",4.5 out of 5 stars,David Corenswet
Movies & TV Shows,#22,Kachche Dhaage,N/A,3.6 out of 5 stars,"Ajay Devgn, Saif Ali Khan, Manisha Koirala"
Movies & TV Shows,#23,King of Comedy - A Martin Scorsese Film,"₹1,199.00",4.5 out of 5 stars,Robert De Niro
Movies & TV Shows,#24,Top Gun: Maverick,"₹2,499.99",4.8 out of 5 stars,Tom Cruise
Movies & TV Shows,#25,DC: Justice League (Blu-ray 3D) (1-Disc),"₹1,499.00",4.6 out of 5 stars,Ben Affleck
Movies & TV Shows,#26,Eddie The Eagle (2015),₹490.00,4.8 out of 5 stars,Taron Egerton
Movies & TV Shows,#27,Pixels,N/A,4.7 out of 5 stars,Adam Sandler
Movies & TV Shows,#28,Bridget Jones's Baby,₹399.00,4.7 out of 5 stars,Renée Zellweger
Movies & TV Shows,#29,Herbie: Fully Loaded DVD,₹99.00,4.6 out of 5 stars,Lindsay Lohan
Movies & TV Shows,#30,Faltu,₹125.00,2.0 out of 5 stars,Jackky Bhagnani
Music,#1,"Ishq Par Zor Nahin - 3AEX 5254 - SPECIAL DEAL LP Vinyl Record, Lata Mangeshkar, Mohd. Rafi, Sachin Dev Burman","₹1,999.00",N/A,Sachin Dev Burman
Music,#2,DeKulture Call of the Soul Songs CD Indian Folk Music Raza Khan,N/A,5.0 out of 5 stars,Raza Khan
Music,#3,Neon Future - 1,N/A,4.7 out of 5 stars,Steve Aoki
Music,#4,WAR and Other Hits,₹399.00,3.7 out of 5 stars,VARIOUS
Music,#5,"Sitare Zameen Par-Sharmila Tagore ""Ni Main Yaar""",₹198.00,3.8 out of 5 stars,Various Artists
Music,#6,Anusandhan Ogo Badhu Sundari,₹250.00,4.2 out of 5 stars,Lata Mangeshkar
Music,#7,Kanda Sashti Kavacham,₹75.00,N/A,Seergazhi S. Govindarajan
Music,#8,At Home,N/A,5.0 out of 5 stars,Sakar Khan
Music,#9,For Your Entertainment,N/A,4.7 out of 5 stars,Adam Lambert
Music,#10,Sensuous Chill,₹499.00,4.5 out of 5 stars,Yanni
Music,#11,Dhil Dhil Dhil Manadhil - Hits of Various Heroes,₹75.00,N/A,S.P. Balasubramaniam
Music,#12,Thyagaraja's Pancharatna Krithis,₹180.00,4.6 out of 5 stars,Various
Music,#13,Mohabbat: The Romance - Vol. 1 and 2,N/A,N/A,Mukesh
Music,#14,Bhajan Uphar - Lata Mangeshkar,₹899.00,4.2 out of 5 stars,Lata Mangeshkar
Music,#15,"Pankaj Udhas & Anuradha Paudwal - Aashiyan - SHNLP 01/26 & 26A - SPECIAL DEAL LP Vinyl Record, Anuradha Paudwal, Pankaj Udhas, Lalit Sen",N/A,N/A,"Anuradha Paudwal, Lalit Sen & Parvez Akhtar"
Music,#16,Sunhare Nagme Geeta Dutt,₹299.00,4.4 out of 5 stars,Various
Music,#17,Rabba Mereya: Sufi Music CD single Devotional Music Indian Folk Music,₹395.00,5.0 out of 5 stars,Various Artists
Music,#18,Pt Bhimsen Joshi - Vocal [Patdeep / Jaunpuri / Bhairavi],₹299.00,N/A,Pt Bhimsen Joshi
Music,#19,Majestic Mood - Khansahib Rais Khan,₹299.00,N/A,Khansahib Rais Khan
Music,#20,Shortcut Romeo,₹199.00,4.5 out of 5 stars,Mika Singh
Music,#21,Party Zone (Daler Mehndi / Shweta / Sanjay Raina / Shaan / Alisha),N/A,5.0 out of 5 stars,Daler Mehndi
Music,#22,Pioneers Series - Vikku Vinayakram,₹149.00,3.8 out of 5 stars,Vikku Vinayakram
Music,#23,Adi Varaha Suprabatham,₹75.00,5.0 out of 5 stars,Rajkumar Bharathi
Music,#24,Stars,₹230.00,4.7 out of 5 stars,Collabro
Music,#25,Chak De Shahrukh,N/A,3.5 out of 5 stars,Various
Music,#26,Pure Cuba,₹499.00,4.7 out of 5 stars,Various Artists
Music,#27,Where Others Follow - Rise U,₹350.00,3.0 out of 5 stars,Various
Music,#28,Passage to India - Fusion,₹599.00,1.5 out of 5 stars,Various
Music,#29,RASNA JAPIYE EK NAAM,N/A,4.0 out of 5 stars,15
Music,#30,Laaga Chunari Mein Daag,₹299.00,N/A,Sunidhi Chauhan
Musical Instruments,#1,"GRENARO Mic for YouTube Wireless, 3-Level Adjustable Noise Reduction Mic Wireless,S12 Wireless Microphone for Youtubers with LED Indicator Light (Single Channel Type-C Port Version)",₹790.00,3.9 out of 5 stars,"2,116"
Musical Instruments,#2,"pTron Newly Launched Fusion Bliss 16W Bluetooth Speaker with Wireless Karaoke Mic, 6Hrs Playtime, Vibrant RGB Lights, Voice Effects, Multi-Play Modes BT5.3/TF Card & Type-C Charging Port (Black)","₹1,199.00",4.0 out of 5 stars,"4,699"
Musical Instruments,#3,"Juarez JRZ10HM Key C Diatonic Blues Harmonica 10 Hole 20 Tones with Case, Mouth Organ for Beginners, Students, Kids & Professionals, Silver",₹337.00,4.2 out of 5 stars,"6,718"
Musical Instruments,#4,"Hollyland Wireless Magnetic Mini Microphone: Lark A1 Mini Duo Wireless Mic for iPhone15/16/iPad/Android Smartphone with 3-Lv Noise Cancel, 200m Transmission for YouTube Podcast Vlog Content Creation","₹4,099.00",4.2 out of 5 stars,"3,082"
Musical Instruments,#5,"Juârez Acoustic Guitar Kit, JRZ38C/BK 38 Inch Cutaway, 038C with Bag, Strings, Pick and Strap, Black","₹2,174.00",4.0 out of 5 stars,"43,938"
Musical Instruments,#6,"VELOMAX Mic for YouTube Wireless - Ultra-Clear Noise Reduction, 30M Stable Connection, Zero Latency, Plug & Play, Perfect Wireless mic for Youtubers Creators (Dual Mic(Type C Port))",₹921.00,4.4 out of 5 stars,632
Musical Instruments,#7,Radhe Flutes | PVC Fiber | C Natural | Right Handed | Black & Orange Threads | Assorted Colours for Velvet Cover + Complete Flute Beginners Online Course In Hindi and English,₹398.00,4.2 out of 5 stars,"8,374"
Musical Instruments,#8,"Juârez JRZ250 One Handed Trigger Guitar Metal Capo Quick Change for Ukulele, Electric and Acoustic Guitars, Black",₹199.00,4.3 out of 5 stars,"19,270"
Musical Instruments,#9,"Hollyland Lark M2 Wireless Microphone for iPhone/Camera/Android/PC, 48kHz/24-bit High Fidelity Audio, 300m Range, Noise Cancelling, 40h Use, YouTube, Vlog, Streaming (2TX + 3RX + Charging Case)","₹12,999.00",4.2 out of 5 stars,"8,081"
Musical Instruments,#10,"Portronics Dash 7 Omnidirectional Type C Wireless Microphone, Noise Cancellation, Plug & Play, Lapel Wireless Mic for Video Recording, Supports Type C Android, iPhone, Camera(Black)",₹779.00,3.8 out of 5 stars,"3,152"
Musical Instruments,#11,BOYA ByM1 Auxiliary Omnidirectional Lavalier Condenser Microphone with 20ft Audio Cable (Black),₹949.00,4.0 out of 5 stars,"86,156"
Musical Instruments,#12,"GRENARO P10 Wireless Mic for Youtubers with 3-Level Noise Reduction,Mic for YouTube Wireless with 40H Charging Case,Compatible with Devices Featuring Type-C and Lightning Ports Devices","₹2,249.00",3.8 out of 5 stars,849
Musical Instruments,#13,"DIGIMORE Wireless Voice Amplifier for Teachers with Bluetooth | 10-Hr Battery | 10W Speaker | Wireless Headset Mic for Tour Guides, Teaching Mic, Factory Visits & PA System (D-1200 WL)","₹1,999.00",4.2 out of 5 stars,"1,838"
Musical Instruments,#14,"UTECTION by VOOK Wireless Mic with Noise Cancellation – Clip-On Collar Mic for iPhone & Android | 48H Battery, 20m Range, Type-C Charging | Mic Wireless for YouTube, Vlogging & Video Recording VOOKLM1","₹2,499.00",4.4 out of 5 stars,"12,902"
Musical Instruments,#15,"Mommers Xylophone Musical Educational Toy for Kid (1-3Year Old) I Toddlers Babies Kids Girls, Boys I 2-in-1 Piano Combined I Safe for Drum Sticks for Fast and Fun Learning Blue",₹199.00,4.1 out of 5 stars,"1,042"
Musical Instruments,#16,"Digitek® DWM-116 2-in-1 Wireless Microphone, Magnetic Collar Clip, 360° Sound Capture, 40m Range, 6Hr Battery, Type C-to-C & C to LTC, DSLR, iOS & Android Compatible, for Interviews & Vlogging","₹3,999.00",3.6 out of 5 stars,630
Musical Instruments,#17,"GRENARO J13 Wireless Mic, Noise Reduction Lapel Mic with Charging Case, Wireless Mic for Video Recording, YouTube, Facebook, Support System for Type C & iPhone (Dual Channel Universal Version)","₹1,899.00",3.8 out of 5 stars,"5,981"
Musical Instruments,#18,"sensyne AI K9 Professional Wireless Microphone for YouTube, AI Noise Cancelling Lavalier Mic for Video Recording, Best Wireless Mic for Content Creators",₹549.00,4.5 out of 5 stars,"34,371"
Musical Instruments,#19,"Juarez Extra Light Copper Wound Acoustic Guitar Strings Set – 0.010–0.048 Gauge, 7 Strings (Extra 1st String), Bright Copper Tone, Includes 2 Picks – For All Acoustic Guitars JAGSP300",₹199.00,4.1 out of 5 stars,"7,951"
Musical Instruments,#20,Maono AU-400 Lavalier Microphone (Black),₹415.00,3.8 out of 5 stars,"31,652"
Musical Instruments,#21,"Juârez JRZ100 Guitar Wall Hanger/Mount/Holder/Hook/Stand/Rack for Acoustic/Electric/Bass Guitars, with Fittings/Accessories, Black",₹199.00,4.3 out of 5 stars,"10,716"
Musical Instruments,#22,"Intern 38 Inch Acoustic Guitar for Beginners with Bag, Strap, Strings, Picks & Winder | Cutaway Design | Steel String Guitar for Kids & Adults (Black)","₹2,160.00",3.9 out of 5 stars,"17,114"
Musical Instruments,#23,"Digitek® (DWM 101 Wireless Microphone System with ANC Noise Reduction, 360° Sound Capture, Upto 12 Hrs Working Time, for DSLR Camera, Android & iOS Smartphones, Seamless Audio Recording","₹4,326.00",3.7 out of 5 stars,"2,756"
Musical Instruments,#24,"Yamaha F280 Acoustic Guitar – Natural Finish, 6-String Full-Size Guitar with Spruce Top & Rosewood Fretboard, Ideal for Beginners & Intermediate Players","₹7,299.00",4.2 out of 5 stars,"4,199"
Musical Instruments,#25,"Kadence Concert Ukulele 23 Inch – Cinnamon Brown, Fluorocarbon Strings, Matte Finish with Strap & Bag (Spring Summer Collection)","₹1,997.00",4.4 out of 5 stars,"1,572"
Musical Instruments,#26,"DIGIMORE Professional Cardioid Dynamic Microphone | Wired Mic with 20ft XLR Cable & Mic Holder | for Vocals, Singing, Karaoke, Live Performance, Studio, PA System, Stage, Recording (D-1020)",₹699.00,3.9 out of 5 stars,362
Musical Instruments,#27,Juarez JAP60 Guitar Plectrums Pick Set (6 Pieces) | Multi-Thickness 0.46mm–1.50mm | Celluloid & ABS Picks | For Acoustic & Electric Guitar | Colours Random,₹199.00,4.3 out of 5 stars,"4,695"
Musical Instruments,#28,"Digitek DWM-001 Wireless Microphone & Receiver with Type C, in-Built Noise Cancellation Mic Suitable for Vlog You Tube Live Streaming Video Recording and More",₹749.00,3.4 out of 5 stars,"2,670"
Musical Instruments,#29,"Amazon Basics Key C Alloy Harmonica with Case | 10-Hole 20-Tones Mouth Organ for Beginners, Students, Kids and Professionals (Silver)",₹264.00,4.0 out of 5 stars,316
Musical Instruments,#30,"JUAREZ Metal Jrgs100 Electric,Bass,Acoustic Guitar Folding Stand",₹469.00,4.4 out of 5 stars,"3,020"
Office Products,#1,"LAURET BLANC 2026 Wall Calendar -14.75"" X 20"" for Home & Office, Holidays Mentioned, 150GSM Art Paper (H)",₹299.00,4.5 out of 5 stars,628
Office Products,#2,"JK Copier Paper - A4, 75 GSM, 1 Ream, 500 Sheets",₹335.00,4.1 out of 5 stars,"20,082"
Office Products,#3,"Shuttle Art Office Desk Organizer with Drawer, All in One Office Supplies and Cool Desk Accessories Pen Holder, Enhance Your Decor, Desktop 8-Compartment Laddered Desk Organizer(White)",₹196.00,4.0 out of 5 stars,"1,329"
Office Products,#4,"LAURET BLANC Notebook Journal - A5 Size, 144 Ruled Pages, 90 GSM Natural Shade, Paperback",₹160.00,4.4 out of 5 stars,"2,677"
Office Products,#5,"Scotch Extreme Double Sided Tape by 3M, 1M Holds 6.7Kg, Works On Uneven Surfaces, Weather Resistant, Works On Indoor, Outdoor, Auto Interior Surfaces, (L: 1.5m, W: 19mm), Black",₹190.00,3.9 out of 5 stars,"7,848"
Office Products,#6,DOODLE A5 Undated Work-Life Balance Planner – 336 Pages | Gratitude Journal with Habit & Mood Tracker | Includes Stickers | Achieve Goals & Wellness | Balance Pro,₹399.00,4.3 out of 5 stars,685
Office Products,#7,NEORAH - 2026 DATED PETITE WEEKLY PLANNER|ACCOMPLISH- Includes Yearly|12 Monthly Pages|52 Weeks|12 month Habit & Budget Tracker|Gratitude Journal Diary - Productivity Planner - Hardcover (EDEN GREEN),₹499.00,4.5 out of 5 stars,"1,126"
Office Products,#8,"JK Easy Copier Paper | A4 Size | 70 GSM | 500 Sheets | White Paper, 1 Ream | For Laserjet & Inkjet Printer | Fast Drying | Both Side Print | Eco Friendly | ColorLok (Pack of 1) | One Ream",₹301.00,4.2 out of 5 stars,"14,210"
Office Products,#9,"AccuPrints® Desk Calendar 2026-Size 9.5 x 7.1 inch Standing Desk Calendar,(2026)",₹229.00,4.2 out of 5 stars,"1,168"
Office Products,#10,"LAURET BLANC Desk Calendar 2026 Planner and Organizer- B5 Size (7.5"" X 9.25""), Monthly Grid View, Notes Section, Home and Office Calendar",₹284.00,4.4 out of 5 stars,"1,076"
Office Products,#11,"LAURET BLANC 12Months Undated Planner, 12 Monthly Spreads, 52 Weekly Spreads, Habit Tracker, Utility Pages, Paperback (She Believed She Could So She Did)",₹199.00,4.4 out of 5 stars,"1,312"
Office Products,#12,2026 Desk Calendar Mini Monthly Calendar 13 Months Standing Flip Calendar for Home Office Black (Brown),₹249.00,4.4 out of 5 stars,"1,507"
Office Products,#13,"Hauser XO RT Retractable Ball Pen | Sleek Body & Minimalistic Design | Matt Finish & Solid Body Type | Low Viscosity Ink With Ultra Durable Tip | Blue Ink, Set Of 10",₹100.00,4.4 out of 5 stars,"1,615"
Office Products,#14,"Anupam Dash 2026 Diary with Dates, 2026 Daily Planner Full Page Per Day with Monthly Calendar, New Year Diary 2026 80 GSM Size A5 21x14cm, 365 Days Aesthetic Book & Daily Diary for Office - Wood Brown",₹330.00,4.6 out of 5 stars,218
Office Products,#15,"Wall Calendar 2026 | New Year Calendar 2026 | Size: 14.75"" X 20"" | Printed on 150 GSM Glossy Art Paper | 2026 Calendar for Home & Office | Holidays Mentioned | Calendar 2026 | Blue Color",₹199.00,4.7 out of 5 stars,87
Office Products,#16,"Anupam Fash 2026 Diary with Dates, 2026 Daily Planner Month Cut Index Full Page for Monday-Friday and Saturday-Sunday in one Page with Monthly Calendar, 80GSM A5 365 Days Diary (Maroon)",₹268.00,4.3 out of 5 stars,152
Office Products,#17,AccuPrints® Wall Calendar 2026 Planner-Size (14 x 20) inch For Office Home Table New Year Hanging Kids (35.5 x 50) cm- (14 x 20 Blue),₹257.00,4.2 out of 5 stars,"1,855"
Office Products,#18,"LAURET BLANC Standing Table, Desk Calendar 2026 Planner and Organiser- B5 Size (7.5"" x 9.25"") Home and Office Calendar",₹284.00,4.4 out of 5 stars,899
Office Products,#19,"FLAIR Move Gel Pen | Minimalistic & Aesthetic Matt Finish Pastel Body Colors | Effortless Writing With Sleek Clip Design | Blue Ink, Set Of 10",₹100.00,4.4 out of 5 stars,"2,184"
Office Products,#20,"AccuPrints Daily Planner Undated, Schedule Your Day, Manage to-do List, Goals Tracker, Wellness Tracker - 3 Month Planner (Yellow/Get Things Done)",₹189.00,4.3 out of 5 stars,731
Office Products,#21,Anupam Fluct A5 Bullet Dotted Journal | 160 Pages 80gsm | Matte Finish PVC Cover Notebook | pH Neutral & Acid Free Paper | Matching Elastic Closure | Dot Grid Sheet Good For Journaling Offices (Black),₹201.00,4.2 out of 5 stars,550
Office Products,#22,"ALDIVO Paper Cover Hard Bound New Year Diary 2026 | A5 Size 365 Days Daily Planner Diary with Dates and Month Cut Index For Office, Student & Corporate (AD611)",₹279.00,4.3 out of 5 stars,61
Office Products,#23,AICA Personalized Name & Charm Leather HardCover Diary (Black)Daily Diaries Diary for Mens|Gifts For Teenage Boys|Secret Santa GiftsIdeas|Journal Notebooks|Corporate Gifts for Employees|Christmas Gift,₹359.00,4.3 out of 5 stars,386
Office Products,#24,"BRUSTRO White Gel Pen | Tip size -1 mm|Pack of 3 | Ideal for Students and Adults, Drawing, Mandala Arts, Students, Office Use, Writing, Pen Set",₹136.00,4.3 out of 5 stars,"2,193"
Office Products,#25,"Find Your Balance 2026 Planner | 4-Month Undated Productivity & Wellness Journal with Habit | Mood & Gratitude Trackers (White, Find Your Balance)",₹815.00,4.5 out of 5 stars,"2,917"
Office Products,#26,"Casio MJ-12D 150 Steps Check and Correct Desktop Financial Calculator, Black",₹465.00,4.5 out of 5 stars,"13,916"
Office Products,#27,"Kaameri Bazaar | January - December 2026 l Floral Desk Calendar l With inspirational quotes -12 Months l Includes notes section l 170 gsm l Planning, Tracking & Scheduling l Black Wiro",₹279.00,4.3 out of 5 stars,675
Office Products,#28,AccuPrints® Desk Calendar 2026 Planner-A5 Size (5.8 x 8.2) inch For Office Home Table New Year Hanging Kids (14 x 20.5) cm- (Colour Desk),₹229.00,4.2 out of 5 stars,"1,490"
Office Products,#29,Hauser XO Multicolor Gel Pen with Hard Box Case | Sleek Body & Minimalistic Design | Matt Finish | Ultra Durable Tip | Set Of 12 Bright Ink Colors,₹150.00,4.3 out of 5 stars,"1,982"
Office Products,#30,"Climberty® 6Pcs Black Felt Bulletin Board, 30x30cm Self-Adhesive Wall Boards with 50pcs Drawing Pins, Felt Message Board for Paste Notes, Photos, Schedules (Black)",₹873.00,4.5 out of 5 stars,452
Pet Supplies,#1,Purepet Adult Dry Cat Food 1 kg Pack | Ocean Fish Flavour | Hair Ball Protection | Heart Care | Skin Health | Taurine for Healthy Heart,₹179.00,4.3 out of 5 stars,"7,960"
Pet Supplies,#2,"Pedigree Adult Wet Dog Food, Chicken & Liver Chunks in Gravy, 70 g (Pack of 30), Complete & Balanced Meal for Adult Dogs","₹1,227.00",4.4 out of 5 stars,"11,215"
Pet Supplies,#3,Meat Up Dog Treats Biscuits 1kg + 1kg (Free) 2kg | Real Chicken Flavour| Buy 1 Get 1 | Remove Plaque & Starter Build-up | Vitamins & Minerals | Promotes Lustrous Coat,₹390.00,4.2 out of 5 stars,"53,259"
Pet Supplies,#4,Foodie Puppies Natural Bentonite Cat Litter Sand - 5kg with Lavender Fragrance for Cats and Kittens | Clean Low-dust Strong Deodorant Litter Tray Refill with Odor Controlling and Instant Clumping,₹249.00,4.0 out of 5 stars,"2,804"
Pet Supplies,#5,"Pedigree Adult Dry Dog Food, Chicken & Vegetables, 3 kg, Contains 37 Essential Nutrients, 100% Complete & Balanced Food for Adult Dogs",₹649.00,4.4 out of 5 stars,"24,603"
Pet Supplies,#6,Drools Adult Wet Dog Food 0.9kg (150g x 6) Pack of 6 | Real Chicken and Chicken Liver Chunks in Gravy | Healthy Skin and Coat | Maintains Joint Health | Better Digestibility and Health,₹186.00,4.2 out of 5 stars,"8,281"
Pet Supplies,#7,Purepet Adult Dry Dog Food 10kg | Meat & Rice Flavour | Promotes Health & Vitality | Immune Support | Healthy Digestion | Nutrient Rich,"₹1,039.00",4.2 out of 5 stars,"6,775"
Pet Supplies,#8,Meat Up Adult Dry Dog Food 3Kg + 3kg (Free) 6Kg | Chicken Flavour | Buy 1 Get 1 | Glucosamine for Healthy Joints and Bones | Vitamins and Minerals | Maintain Digestive Health | Strong Immune System,₹790.00,4.1 out of 5 stars,"18,611"
Pet Supplies,#9,"Drools Adult Dry Dog Food 3kg with Free 1.2kg, Total 4.2kg Pack | Chicken and Egg Flavour | Active behaviour | Digestive Health | Immunity | Better Digestbility & Health",₹739.00,4.3 out of 5 stars,"15,377"
Pet Supplies,#10,Amazon Basics Scoopable Smart White Bentonite Scented Cat Litter | 10 Kg | 5 Kg X 2 Packs | Organic | Bentonite From Turkey | Dust-Free | Lavender Fragrance,₹569.00,3.8 out of 5 stars,"3,012"
Pet Supplies,#11,Hipkoo Exclusive Cat Litter 10Kg 100% Natural Unscented Bentonite Clay Dust Free Fragrance Free Absorbent Eco-Friendly Sand for All Breeds of Cats 2 Packs of 5 Kgs (Combo),₹499.00,3.9 out of 5 stars,"2,257"
Pet Supplies,#12,Purepet Adult Dry Cat Food 1 kg Pack | Mackerel Flavour | Hair Ball Protection | Heart Care | Skin Health | Taurine for Healthy Heart,₹187.00,4.4 out of 5 stars,"3,899"
Pet Supplies,#13,"Whiskas Adult (1+ Years) Dry Cat Food, Ocean Fish Flavour, 3 kg, Contains 41 Essential Nutrients, Complete & Balanced Nutrition for Adult Cats",₹873.00,4.5 out of 5 stars,"7,555"
Pet Supplies,#14,Purepet Adult Dry Cat Food 6kg | Tuna & Salmon Flavour | Taurine for Healthy Heart | Healthy Skin & Beautiful Coat | Control Urinary pH | Hair Ball Protection,₹909.00,4.3 out of 5 stars,"5,309"
Pet Supplies,#15,"Whiskas Junior Mother Cat & Kitten (2-12 Months) Dry Cat Food, Ocean Fish Flavour, 1.1 kg, Contains 41 Essential Nutrients, Complete & Balanced Nutrition for Mother Cats & Kittens",₹383.00,4.5 out of 5 stars,"18,354"
Pet Supplies,#16,"Pedigree Adult Dry Dog Food, Meat & Rice, 3 kg, Contains 37 Essential Nutrients, 100% Complete & Balanced Food for Adult Dogs",₹686.00,4.4 out of 5 stars,"16,424"
Pet Supplies,#17,"AmazonBasics Pet Pee Pads for Potty Training| Standard | Regular 56 x 56cms | 50 Pieces | Leak-Proof Quick Dry Design, 5-Layer Design, for Small Dogs and Puppies (Standard, Regular Size, 50 Pads)",₹539.00,3.7 out of 5 stars,"177,622"
Pet Supplies,#18,"Wow Dog Dog Winter Jacket – (Camouflage Army, (X-Large) 20 Inch) | Ultra Warm Coat for Medium Dogs | Windproof, Adjustable & Easy to Clean | Ideal for Cold Weather | Indoor & Outdoor Use",₹311.00,3.9 out of 5 stars,"1,018"
Pet Supplies,#19,"Drools Puppy Dry Dog Food 3kg with Free 1.2kg, Total 4.2kg Pack | Chicken and Egg Flavour | Active behaviour | Digestive Health | Immunity | Better Digestbility & Health",₹626.00,4.1 out of 5 stars,"13,341"
Pet Supplies,#20,"Whiskas Adult (1+ Years) Dry Cat Food, Tuna Flavour, 3 kg, Contains 41 Essential Nutrients, Complete & Balanced Nutrition for Adult Cats",₹976.00,4.5 out of 5 stars,"8,797"
Pet Supplies,#21,"Petoska Cat Litter 5kg | 100% Natural Bentonite Clay | Rapid Clumping, Odour Lock, Low Dust, Gentle on Paws | Premium Absorbent Cat Litter for All Breeds",₹259.00,4.2 out of 5 stars,873
Pet Supplies,#22,"Chappi Adult (1+ Years) Dry Dog Food, Chicken & Rice, 20 kg, Complete and Balanced Food for Adult Dogs","₹2,542.00",4.3 out of 5 stars,"3,917"
Pet Supplies,#23,"Whiskas Junior Kitten (2-12 Months) Wet Cat Food, Chicken in Gravy, 80 g (Pack of 14), Hydrating Food Made With Real Chicken, 100% Complete & Balanced Nutrition for Kittens",₹600.00,4.4 out of 5 stars,"2,850"
Pet Supplies,#24,"Foodie Puppies Pet Hair Remover Lint Roller with Handle and 4 Refills (300 Sheets), Hair Remover for Dogs and Cats, Ideal for Clothes, Furniture, Coats, Car Seats, Carpets, Fabric, and Dust Cleaning",₹280.00,4.3 out of 5 stars,"1,316"
Pet Supplies,#25,Meat Up Adult Dry Dog Food 3kg + 3kg (Free) 6kg | 100% Vegetable | Buy 1 Get 1 | Healthy Skin and Beautiful Coat | Antioxidants | Vitamins and Minerals,₹790.00,4.2 out of 5 stars,"2,008"
Pet Supplies,#26,"Pedigree Puppy Dry Dog Food, Chicken & Milk, 3 kg, Contains 37 Essential Nutrients, 100% Complete & Balanced Food for Puppies",₹693.00,4.4 out of 5 stars,"22,516"
Pet Supplies,#27,Meat Up Adult Dry Cat Food 1.2Kg + 1.2kg (Free) 2.4Kg | Seafood Flavour | Buy 1 Get 1 | Maintains Urinary pH | Hair ball protection | Healthy skin & Coat | Taurine for healthy heart,₹399.00,4.1 out of 5 stars,"8,227"
Pet Supplies,#28,"Purepet Adult Dry Cat Food Sea Food Flavour, 1 kg Pack",₹174.00,4.3 out of 5 stars,"2,700"
Pet Supplies,#29,"Pedigree Dentastix Oral Care Dog Treat, Adult Large Breed (25+ kg), 1.08 kg, Recommended by Vets, Supports Gum Health, Reduces Risk of Gum diseases",₹938.00,4.5 out of 5 stars,"4,588"
Pet Supplies,#30,"Drools Adult Dry Dog Food Optimum Performance 10kg Pack | Chicken Flavour | Optimum Ratio of Protein and Energy | High Grade Protein, Vitamins and Minerals | Easily Digestible","₹1,289.00",4.2 out of 5 stars,"5,649"
Shoes & Handbags,#1,Dr.Ortho Orthopedic Slippers | Acupressure Slippers | Flip-Flops | For Men & Women's Slippers,₹296.00,4.2 out of 5 stars,"6,422"
Shoes & Handbags,#2,ASIAN Men Lace Up Running Shoes,₹599.00,4.0 out of 5 stars,"107,649"
Shoes & Handbags,#3,SPARX Mens Sf0014G Slippers,₹275.00,4.1 out of 5 stars,"53,233"
Shoes & Handbags,#4,DOCTOR EXTRA SOFT Care Diabetic Orthopedic Pregnancy Flat Super Comfort Dr Flipflops and House Slippers For Women's and Girl's,₹391.00,4.0 out of 5 stars,"58,402"
Shoes & Handbags,#5,"Reebok Men's Running Shoes - Stride Runner - Lightweight Training Shoes for Gym, Running and Fitness","₹1,349.00",3.9 out of 5 stars,"5,982"
Shoes & Handbags,#6,ASIAN Men's MEXICO-11 Casual Sneaker Shoes with Synthetic Upper Lightweight Comfortable Mid Top Sneaker Shoes for Men's & Boy's,₹798.99,3.7 out of 5 stars,"2,990"
Shoes & Handbags,#7,Red Tape Men Pull On Clogs,₹539.00,4.0 out of 5 stars,"1,364"
Shoes & Handbags,#8,"SNEAKARE Quick Shoe Cleaning Kit Shoe Cleaner & Medium Bristle Shoe Brush, White Shoe Cleaning Kit, Shoe Cleaner Kit For Sneaker,Sports Shoe Cleaner Foam Spray",₹298.86,4.1 out of 5 stars,"1,870"
Shoes & Handbags,#9,Frido Dual Gel Heavy Duty Trimmable Insoles | For Loose Shoes or Replacing Existing Insoles | Thick Shoe Inserts | Extra Comfort and Support | Proudly Made in India | (Size 8-13 UK) - Pack of 1 Pair,₹595.00,3.8 out of 5 stars,"8,520"
Shoes & Handbags,#10,"Liberty Force 10 Gola-SCHV School Shoes for Kids Boys & Girls - Black & White | Comfortable School Shoes | Lightweight & Durable | Easy Slip-On & Velcro Closure | All Day Comfort, Anti-Slip Grip",₹599.00,3.7 out of 5 stars,"5,477"
Shoes & Handbags,#11,Campus Men First Running Shoes,"₹1,209.00",4.0 out of 5 stars,"16,152"
Shoes & Handbags,#12,LANCER Mens Indus-251 Running Shoe,₹501.00,3.6 out of 5 stars,"6,027"
Shoes & Handbags,#13,DOCTOR EXTRA SOFT House Slipper for Women's Care Dr Orthopaedic Super Comfort Fitting Flat Cushion Chappal Flip-Flop for Ladies & Girl’s,₹391.00,4.0 out of 5 stars,"26,742"
Shoes & Handbags,#14,DOCTOR EXTRA SOFT Men's Sports Shoes with Memory Foam Cushioned Insole|Running Walking Gym Training Jogging Athletics|Comfortable & Stylish|Casual & Lightweight|Slipon Sneaker Gent's & Boy's ART-2008,"₹1,198.00",4.2 out of 5 stars,"1,685"
Shoes & Handbags,#15,Sparx Womens Sx0167l Sneaker,₹869.00,4.2 out of 5 stars,"9,739"
Shoes & Handbags,#16,Puma Unisex Adult Smashic Sneaker,"₹1,479.00",4.0 out of 5 stars,"3,579"
Shoes & Handbags,#17,Puma Mens Dazzler Sneaker,"₹1,549.00",3.9 out of 5 stars,"8,868"
Shoes & Handbags,#18,ORTHO JOY Doctor Orthopedic Soft Slippers For Ladies Daily Use/mcr chappals for women/ortho slippers women,₹369.00,4.0 out of 5 stars,"5,494"
Shoes & Handbags,#19,Campus Men North Plus Running Shoes,"₹1,199.00",4.0 out of 5 stars,"16,563"
Shoes & Handbags,#20,DOCTOR EXTRA SOFT Thong Arch Support Ortho Slippers for Mens| Orthopedic Diabetic & Stylish| Lightweight Comfortable & Casual| Cushion Anti-Skid Bedroom Daily Use House Flip-Flops Gents Boys D-38,₹499.00,4.5 out of 5 stars,329
Shoes & Handbags,#21,DOCTOR EXTRA SOFT Men's Classic Casual Sports Clogs/Sandals with Adjustable Back Strap for Adult | Comfortable & LightWeight| Stylish & Anti-Skid|Waterproof & Everyday Use Mules for Gents & Boys D-513,"₹1,234.00",3.8 out of 5 stars,"2,656"
Shoes & Handbags,#22,urbanWipe Eco-Friendly Sneakers & Sports Shoe Cleaner (500 ML),₹240.00,4.1 out of 5 stars,386
Shoes & Handbags,#23,"Boldfit Badminton Shoes for Man Lightweight Non Marking Shoes for Badminton Breathable Anti Skid Shoe for Man Shuttle Non Marking Indoor Shoe for Pickleball, Tennis, Padel",₹899.00,3.9 out of 5 stars,"1,551"
Shoes & Handbags,#24,AADI Men's Synthetic Leather Lightweight Comfortable Trendy Outdoor Casual Shoes Slip On Chelsea Boots,₹540.00,3.8 out of 5 stars,687
Shoes & Handbags,#25,"DOCTOR HEALTH SUPER SOFT Floats women soft slippers with mild acupressure | Comfortable, stylish, and bright colorful flip flops | Lab tested Cushion and Bounce | Cushioned Footwear",₹498.00,4.1 out of 5 stars,895
Shoes & Handbags,#26,"SHOEGR Instant Duo Shoe Cleaning Kit | 2 x Shoe Cleaning Foam (150ml) and 1 All Purpose Shoe Cleaner Brush, White Shoes Cleaning Kit, Sneaker Cleaner Kit For Sneakers, Sports Shoe Cleaner Foam Spray",₹349.00,4.2 out of 5 stars,387
Shoes & Handbags,#27,"BoldFit Running Shoes for Man Soft Sole Sports Shoes for Men Running Light Weight Shoe for Men Sports Anti Slip Gym Shoe for Man Workout mesh Gym Footwear, Black - 09","₹1,099.00",4.0 out of 5 stars,663
Shoes & Handbags,#28,LEGAL BRIBE Textured Tote bag,₹483.00,4.0 out of 5 stars,"2,017"
Shoes & Handbags,#29,Rushwak Shoe Wipes (80 + 80 Wipes) Sneaker Wipes Instant Sneaker Cleaner Shoe Cleaning Wipes Sneaker Wipes for Shoes Quick Remove Dirt Stain Shoe Cleaner Wipes Shoe Wipes for Sneakers Cleaning Kit,₹299.00,4.1 out of 5 stars,"1,126"
Shoes & Handbags,#30,Campus Men Oxyfit (N) Walking Shoes,₹749.00,4.1 out of 5 stars,"25,397"
Software,#1,"Bitdefender - 1 Computer,3 Years - Total Security | Windows | Latest Version | Email Delivery In 2 Hours- No Cd |",₹551.00,4.4 out of 5 stars,BitDefender
Software,#2,"Bitdefender - 1 Device,1 Year - Mobile Security | Android| Latest Version | Email Delivery In 2 Hours- No Cd |",₹94.00,4.1 out of 5 stars,BitDefender
Software,#3,"K7 Security K7, Total Security, 1 User, 1 Year, Email Delivery In 30 Min, No Cd",₹384.00,4.4 out of 5 stars,K7 Security
Software,#4,Microsoft Office 2021 Professional - Lifetime Validity - Windows only - Email delivery in 2 Hours- no CD - Email Bind Key,"₹1,799.00",4.4 out of 5 stars,Microsoft
Software,#5,"Net Protector Antivirus for PC Total Security 2025, 1 PC, 1 Year (Email Delivery in 1 Hour - No CD)",₹399.00,4.2 out of 5 stars,Net Protector
Software,#6,"BitDefender Total Security Latest Version (Windows / Mac / Android / iOS) - 3 Devices, 3 Years (Single Activation Code) (Email Delivery in 2 hours - No CD)",₹826.00,4.6 out of 5 stars,BitDefender
Software,#7,Apple - App Store Code - For India - Delivered via Email,"₹5,000.00",3.8 out of 5 stars,Apple
Software,#8,Kaspersky | Total Security (Plus) | 1 Device | 3 Years | Email Delivery in 1 Hour,₹999.00,4.4 out of 5 stars,Kaspersky
Software,#9,"McAfee Total Protection 2025 | 1 Device, 3 Years | Antivirus Internet Security Software | Scam Protection & Identity Monitoring Included | PC/Mac/Android/iOS | Email Delivery","₹1,599.00",4.4 out of 5 stars,McAfee
Software,#10,Kaspersky | Premium - Total Security (Ultimate Security) | 1 Device | 2 Years | Email Delivery in 1 Hour,₹749.00,4.5 out of 5 stars,Kaspersky
Software,#11,Quick Heal | Total Security Renewal Upgrade Gold pack | 1 User | 3 years | Email Delivery in 1 Hour - no CD| Existing Quick Heal Single User Subscription Needed + Get 6 month AntiFraud.AI Key for IOS and Android,"₹1,869.00",4.3 out of 5 stars,Quick Heal
Software,#12,"McAfee Antivirus 2024 | 1 Device, 3 Year | Antivirus Internet Security Software | Email Delivery",₹699.00,4.2 out of 5 stars,McAfee
Software,#13,Win 11/10 Pro Online Activation Product License Key (For Win 11/10 – 32/64 Bit) | 1 PC/User | Permanent Activation | Supports Reinstallations & Updatable | New 2025 Retail Version | Fast Delivery,₹499.00,3.8 out of 5 stars,Qlukmou
Software,#14,Kaspersky | Premium - Total Security (Ultimate Security) | 1 Device | 1 Year | Email Delivery in 1 Hour,₹489.00,4.4 out of 5 stars,Kaspersky
Software,#15,Microsoft Office 2019 Professional - Lifetime Validity - Windows only - Email delivery in 2 Hours- no CD,"₹1,169.00",4.3 out of 5 stars,Microsoft
Software,#16,"K7 Total Security - 1 PC's, 3 Years (Email Delivery in 2 hours - No CD)",₹749.00,4.5 out of 5 stars,K7 Security
Software,#17,"OFFICESUITE Professional Plus 365 Copilot MS Lifetime Edition (New 2026 Version) | (5 Devices, Lifetime Validity) Supports Win, MacOS, iOS, Android | 150GB Lifetime Storage (Cloud + Outlook) | Lifetime Updates & Reinstallations","₹1,899.00",5.0 out of 5 stars,Qlukmou
Software,#18,Kaspersky | Total Security | 1 Device | 1 Year | Email Delivery in 1 Hour,₹489.00,4.3 out of 5 stars,Kaspersky
Software,#19,Wind 11 Pro win 10 pro Product License Key - 1 User Lifetime Validity (Quick Email Delivery) 32 Bit | 64 Bit | Permanent License Lifetime Access,₹377.00,4.7 out of 5 stars,Generic
Software,#20,"McAfee Total Protection 2025 | 1 Device, 1 Year | Antivirus Internet Security Software | Scam Protection & Identity Monitoring Included | PC/Mac/Android/iOS | Email Delivery",₹735.00,4.1 out of 5 stars,McAfee
Software,#21,Quick Heal | Antivirus Pro | 1 user | 1 Year | AI Based Device Security for Laptop | Email and Browsing Protection| (Email Delivery in 1 Hour- No CD) + Get 6 month AntiFraud.AI Key for IOS and Android,₹454.00,4.2 out of 5 stars,Quick Heal
Software,#22,Microsoft 365 Family – 6 Devices- up to 6 TB of cloud storage (1 TB per person)- Advanced security - Innovative apps with AI - 12-Month Subscription - Windows/Mac (Email delivery in 2 hours-No CD),"₹7,299.00",4.3 out of 5 stars,Microsoft
Software,#23,"Bitdefender - 1 Computer,1 Year - Antivirus Plus | Windows | Latest Version | Email Delivery In 2 Hours- No Cd |",₹149.00,4.0 out of 5 stars,BitDefender
Software,#24,"Bitdefender 1 User, 3 Years- Total Security | Windows Latest Version | (Single Activation Code)- [Email Delivery in 2 hours - No CD]",₹551.00,4.4 out of 5 stars,BitDefender
Software,#25,Microsoft 365 Personal -1 TB of cloud storage - Advanced security - Innovative apps with AI - 12-Month Subscription - Windows/Mac (Email delivery in 2 hours-No CD),"₹5,599.00",4.3 out of 5 stars,Microsoft
Software,#26,Kaspersky | Anti-Virus | 1 Device | 1 Year | Email Delivery in 1 Hour,₹315.00,4.2 out of 5 stars,Kaspersky
Software,#27,"Kaspersky Internet Security for Android Mobile Latest Version- 1 Device, 1 Year (Email Delivery in 1 Hour)",₹215.00,4.2 out of 5 stars,Kaspersky
Software,#28,Quick Heal | Total Security | 1 User | 3 Years | AI Based Device Security for PC | Banking Protection | Parental Control| (Email Delivery in 1 Hour- No CD) + Get 6 month AntiFraud.AI Key for IOS and Android,"₹2,292.00",4.4 out of 5 stars,Quick Heal
Software,#29,Quick Heal | Total Security | 1 User | 1 Year | AI Based Device Security for Windows PC | Banking and Browsing Protection | Dark Web Monitoring and Parental Control (Email Delivery in 1 Hour- No CD) + Get 6 month AntiFraud.AI Key for IOS and Android,"₹1,182.00",4.4 out of 5 stars,Quick Heal
Software,#30,Quick Heal | Antivirus Pro – Renewal Pack | 1 user | 1 Years | Email Delivery in 1 Hour - no CD | Existing Quick Heal Single User AV Pro Subscription Needed + Get 6 month AntiFraud.AI Key for IOS and Android,₹395.00,3.9 out of 5 stars,Quick Heal
"Sports, Fitness & Outdoors",#1,"Lifelong PVC Hex Dumbbells Pack of 2 (5kg*2) Black Color for Home Gym Equipment Fitness Barbell|Gym Exercise|Home Workout, Gym Dumbbells|Dumbbells Weights for Men & Women (6 Months Warranty)",₹509.00,4.0 out of 5 stars,"23,050"
"Sports, Fitness & Outdoors",#2,"Boldfit Hand Gripper for Men & Women Hand Grip Strengthener for Forearm, Wrist & Finger Workout Fitness Equipment for Home & Gym Training",₹149.00,4.1 out of 5 stars,"33,345"
"Sports, Fitness & Outdoors",#3,SLOVIC Door Pull Up Bar for Home Workout (Load Capacity: 100 KG) Wall Mounted Pullup Bar At Home Non Slip Pull Up Rod & Chin Up Bar For Home with Adjustable Length 62 to 100cm,₹579.00,4.0 out of 5 stars,"4,378"
"Sports, Fitness & Outdoors",#4,"Yonex Mavis 200i Nylon Shuttle Cock, Pack of 6 (Yellow)",₹499.00,4.3 out of 5 stars,"32,612"
"Sports, Fitness & Outdoors",#5,"Lifelong LLKS03 Foldable Kick Skating Cycle| Skate Scooter for Kids(Max User Weight: 50Kg) Kids Scooter (Pink, Blue)",₹899.00,4.0 out of 5 stars,"12,006"
"Sports, Fitness & Outdoors",#6,Yonex Mavis 350 Green Cap Nylon Shuttlecock (Yellow),"₹1,115.00",4.0 out of 5 stars,"32,421"
"Sports, Fitness & Outdoors",#7,Boldfit Heavy Resistance Band for Workout Set Exercise & Stretching Pull Up Bands for Home Exercise for Gym Men & Women Loop Bands Toning Bands Resistance Band Yellow (3-7 Kg),₹199.00,4.1 out of 5 stars,"14,936"
"Sports, Fitness & Outdoors",#8,"Nivia Storm White Moulded Football with Ball Pump Football - Size: 5 (Pack of 1, White)",₹376.00,3.9 out of 5 stars,"52,778"
"Sports, Fitness & Outdoors",#9,"WARMEE Body Warmers (Pack of 5 pcs) Safe & Natural Heat Patches, Heat Packs for Men, Women and Children || Travel Warmers to Stay Warm in Winters|| Camping, Trekking, Holidays",₹533.00,4.3 out of 5 stars,"2,323"
"Sports, Fitness & Outdoors",#10,Lifelong LLYM92 Yoga mat for Women & Men EVA Material 4mm Grey Anti Slip for Gym Workout,₹224.00,4.0 out of 5 stars,"9,558"
"Sports, Fitness & Outdoors",#11,"AllExtreme ‎CYL-06-T Multi-Purpose Bike Chain Cleaner Brush with Soft & Long Bristles Ideal for Quick Cleaning of Cycles, Motorcycles (Blue)",₹147.00,4.2 out of 5 stars,"9,374"
"Sports, Fitness & Outdoors",#12,"Boldfit Pull Up Bars For Home Workout -Chin Up Bar Gym Accessories for Men Door Way Adjustable Hanging Rod Without Screw, Anti-skid Grip, Strength Training Exercise Bar",₹474.00,4.1 out of 5 stars,"4,465"
"Sports, Fitness & Outdoors",#13,"Boldfit Gym Gloves for Men Workout Unisex Hand Gloves for Gym for Men & Women with Wrist Support for Weightlifting, Workout Comfortable Fit Bike Riding, Cycling Handgloves - Warrior Black",₹332.00,4.0 out of 5 stars,"6,329"
"Sports, Fitness & Outdoors",#14,Boldfit Badminton Rackets Aluminium Badminton Racket with Full Cover Bag Standard Shuttle Bat Match Shuttle Bats Lightweight Badminton Shuttle Bat - Blue,₹549.00,4.1 out of 5 stars,214
"Sports, Fitness & Outdoors",#15,Yonex Badminton Racquet Astrox Attack 9 Pearl White G4 4U(80GMS-32LBS) (Made in India),N/A,4.1 out of 5 stars,"2,264"
"Sports, Fitness & Outdoors",#16,Boldfit Beanie Cap for Men Woolen Winter Cap for Men and Women in Winters for Thermal Wear Stylish Soft Caps for Boys & Girls for Warm Wear Head Garam Topaa for Cold Season Grey,₹299.00,4.4 out of 5 stars,"1,346"
"Sports, Fitness & Outdoors",#17,"Yonex Badminton Racquet GR 303I Dark Blue, Graphite",N/A,4.0 out of 5 stars,"20,107"
"Sports, Fitness & Outdoors",#18,"Kidsmate Cruiser Kick Scooter for Kids with Broad Wheels | 3-Wheel Skate Scooter for Boys & Girls of Ages 2-12 Years | Level Adjustable Height, and Easy Fold Design Scooter for Kids (Black)",₹899.00,4.1 out of 5 stars,"6,112"
"Sports, Fitness & Outdoors",#19,Boldfit Yoga Mats For Women and Men Exercise For Home Workout Gym Anti Slip EVA Material Yoga Mat 4Mm For Kids Gym Mats - Green,₹299.00,4.0 out of 5 stars,"20,369"
"Sports, Fitness & Outdoors",#20,"Lifelong Adjustable Pull-Up Bar for Home Gym | No Screws Hanging Bar, Adjustable Length (74-97cm), Doorway Chin-Up Bar, Gym Equipment for Men Workout, Strength Training, Weight Capacity (200kg)","₹1,099.00",4.1 out of 5 stars,"1,089"
"Sports, Fitness & Outdoors",#21,Boldfit Woolen Winter Cap for Women & Men in Winter for Thermal Wear Stylish Soft Caps for Boys & Girls for Warm Wear Head hat Garam Topaa cap's Breathable Lightweight Windproof with hand gloves,₹399.00,4.0 out of 5 stars,"2,120"
"Sports, Fitness & Outdoors",#22,Lifelong Dual Color TPE Material Yoga Mat for Women & Men|6mm Anti-Slip Yoga Mat for Gym Workout Exercise Mat for Home Gym|Yoga Mat for Gym Workout & Yoga Exercise,₹599.00,4.2 out of 5 stars,"1,726"
"Sports, Fitness & Outdoors",#23,"Boldfit Resistance Tube with Foam Handles, Door Anchor for Exercise & Stretching, Suitable in Home & Gym Workout for Men & Women-15kg-Black",₹229.00,3.9 out of 5 stars,"7,391"
"Sports, Fitness & Outdoors",#24,Boldfit Wrist Band for Gym Workout Wrist Support for Gym Straps for Men Hand Band Strap for Man Accessories for Men Workout Wrists Supporter wrap for Man Workouts Accessories for Women Hand Wraps,₹189.00,4.3 out of 5 stars,"6,810"
"Sports, Fitness & Outdoors",#25,"amazon basics Rubber Encased Hex Dumbbell Weight Set Of 2, 5 Kg,Black","₹1,389.00",4.5 out of 5 stars,"31,866"
"Sports, Fitness & Outdoors",#26,Hundred Cosmogear Badminton Kit-Bag (Navy)|Double Zipper|Bag with Front Zipper Pocket Polyester,₹599.00,4.5 out of 5 stars,"3,508"
"Sports, Fitness & Outdoors",#27,"Boldfit Skipping Rope for Men and Women Jumping Rope With Adjustable Height Speed Skipping Rope for Exercise, Gym, Sports Fitness Adjustable Jump Rope",₹89.00,4.1 out of 5 stars,"13,554"
"Sports, Fitness & Outdoors",#28,"Protoner PVC 3 in 1 convertible DM 4-40 Kg Dumbbells Set and Fitness Kit for Men and Women Whole Body Workout (20 kg (2 kg x 4, 3 kg x 4), 3 in 1 convertible)",₹799.00,3.7 out of 5 stars,"3,526"
"Sports, Fitness & Outdoors",#29,Boldfit Wrist Band for Gym Workout Wrist Support for Gym Straps for Men Hand Band Strap for Man Accessories for Men Workout Wrists Supporter wrap for Man Workouts Accessories for Women Hand Wraps,₹199.00,4.3 out of 5 stars,"13,125"
"Sports, Fitness & Outdoors",#30,"Silver's Junior Pedal Combo-5 (2 Badminton Rackets, 3 Plastic Shuttlecock)",₹199.00,4.1 out of 5 stars,"1,464"
Toys & Games,#1,"Lifelong LLKS03 Foldable Kick Skating Cycle| Skate Scooter for Kids(Max User Weight: 50Kg) Kids Scooter (Pink, Blue)",₹899.00,4.0 out of 5 stars,"12,006"
Toys & Games,#2,Babique Cat Flower Plush Soft Toy Cute Kids Animal Home Decor Boys/Girls (25 cm),₹152.00,4.2 out of 5 stars,"30,564"
Toys & Games,#3,Money Saving Box for Kids and Adults | Wooden Money Bank with Lock | Big Size Piggy Bank 2 Lakh Target | 1 Lakh Saving Box with Numbers | Undiyal Hundi Pig (Money Bank),₹249.00,4.6 out of 5 stars,69
Toys & Games,#4,"Wembley Rechargeable Karaoke Mic with Speaker for Singing | Wireless Mini Portable Bluetooth Speaker with Microphone & LED Lights | Cute Birthday Gift for Kids Musical Toys for Boys, Girls and Adults",₹532.00,4.0 out of 5 stars,"1,707"
Toys & Games,#5,"Mattel Games ​UNO Show ‘em No Mercy Card Game for Kids, Adults & Family Parties and Travel with Extra Cards, Special Rules and Tougher Penalties.",₹181.00,4.5 out of 5 stars,"15,513"
Toys & Games,#6,"Wembley Educational Kids Laptop Learning Toy for 2-5 Years Boys Girls Computer Toys for 3 Years Fun Activity Learning Alphabet,Letter,Words,Games,Mathematics,Music,Logic Memory Tool - Blue",₹699.00,3.9 out of 5 stars,"2,821"
Toys & Games,#7,"Gooyo GY-2020 Battery Operated Voice Control Monkey Toy with Musical, Dancing, Spinning,Rolling and Sensor Feature for Gifts/Kids/Babies/Boys/Girls|Blue Color, Power Source:3xAAA Battery(Not Included)",₹199.00,3.8 out of 5 stars,"1,504"
Toys & Games,#8,Sky Tech® Rolls Royce Phantom Model Car 1:32 Scale Exclusive Alloy Metal Pull Back Die-cast Car Toy with Openable Doors & Light Music Boys Toys for Kids (Phantom 1:32)【Colors as Per Stock】,₹670.00,4.0 out of 5 stars,"3,304"
Toys & Games,#9,Cubelelo Drift Explorer 3x3 Speed Cube | Best Starter Speedcube for Beginners | Perfect Brain Teaser for Kids Ages 4 to14 Years Old & Above Boys Girls Children | Smooth Turning Puzzle Toy for Adults,₹148.00,4.3 out of 5 stars,"19,422"
Toys & Games,#10,"Mattel Uno Playing Card Game for 7 Yrs and Above for Adult,Set of 112 Cards, Multicolor",₹149.00,4.5 out of 5 stars,"87,140"
Toys & Games,#11,"popsugar Off Roader Rechargeable Remote Control Car | RC Car Monster Truck | 4 Headlight Modes | Lithium Battery | C-Type Charging | 2.4GHz Remote Controller | Made in India, Red","₹1,199.00",4.0 out of 5 stars,"6,160"
Toys & Games,#12,Storio Rechargeable Toys Talking Cactus Baby Toys for Kids Dancing Cactus Toys Can Sing Wriggle & Singing Recording Repeat What You Say Funny Education Toys for Children Playing Home Decor for Kids,₹339.00,3.8 out of 5 stars,"8,528"
Toys & Games,#13,"Kidsmate Cruiser Kick Scooter for Kids with Broad Wheels | 3-Wheel Skate Scooter for Boys & Girls of Ages 2-12 Years | Level Adjustable Height, and Easy Fold Design Scooter for Kids (Black)",₹899.00,4.1 out of 5 stars,"6,112"
Toys & Games,#14,"WireScorts Baby and Toddler Plastic First Educational Blocks Shape, Sorter, Colors, ABCD Shape, Toys for 1 Year Old Kids,16 Piece",₹199.00,4.2 out of 5 stars,"3,854"
Toys & Games,#15,"Galaxy Hi-Tech Mini Metal Die Cast Car Toy Vehicle Play Set, Free Wheel High Speed Unbreakable, Small Racing Movie Vehicle Car for Exciting Playtime Adventures for Kid, Multicolor, Set of 6",₹333.00,4.1 out of 5 stars,"1,685"
Toys & Games,#16,"Smartivity DIY Rocket Launcher Kit for Kids 6, 7, 8, 9, 10, 11, 12 Years Old | Build Your Own Rocket and Launcher | Birthday Gift for Smart Kids | DIY Science Toy for Boys & Girls 6-12 Years",₹657.00,4.3 out of 5 stars,"2,360"
Toys & Games,#17,"Mattel Games UNO Kid Uno Flip Side Card Game, Multi Color",₹129.00,4.5 out of 5 stars,"57,851"
Toys & Games,#18,"Storio 5-in-1 Baby Suction Spinner Toy, Interactive Learning Set with Rattle and Sensory Play, for 6+ Months Kids - Orange & Cream",₹299.00,4.2 out of 5 stars,"3,194"
Toys & Games,#19,GRAPHENE 1:32 Scale DieCast Metal Pull Back Action Openable Doors 4x4 Thar/Jeep Premium Car Toy with Lights and Music for Kids Realistic Miniature Model Gift 2+yrs Girls Boys Random Colors,₹319.00,3.9 out of 5 stars,"1,297"
Toys & Games,#20,Storio Toy Octopus Plushie Reversible Soft Toys for Kids | Plush Soft Toys for Baby Boys and Girls| Best Gift | Octopus Soft Toy for Kids (Multicolor),₹198.00,4.1 out of 5 stars,"4,299"
Toys & Games,#21,Anupam Sketch-O Sketchbook A5 | 50 Sheet 100 Pages | 140GSM | Durable Acid Free Drawing Paper |Top Spiral-Bound Sketchpad for Artists Kids & Professionals for Marker Colored Pencil Charcoal,₹150.00,4.4 out of 5 stars,"1,901"
Toys & Games,#22,"HUG 'n' FEEL SOFT TOYS – 3 Feet Giant Brown Teddy Bear Plush Toy | Big Stuffed Animal | Ultra Soft, Huggable & Cuddly Gift for Kids, Girls, Boys | Perfect for Birthday, Valentine’s Day",₹785.00,4.0 out of 5 stars,"36,186"
Toys & Games,#23,"Mirana Vande Bharat Bullet Train Toy Set for Kids - Multiple Railway Track Layout, AAA Battery Operated, Fun Gift for Boys & Girls 1+ Years, Made in India (Basic - 43 pcs)",₹499.00,3.8 out of 5 stars,344
Toys & Games,#24,VGRASSP 24 Pcs Air Dry Clay for Kids with 6 Sculpting Tools - Creative Art & Crafts Play Dough Birthday Return Gift for Boys and Girls - Color As Per Stock,₹150.00,3.8 out of 5 stars,"1,021"
Toys & Games,#25,Amazon Brand - Jam & Honey- Kick Scooter for Kids Ages 6-13 Years | Foldable with 3 Adjustable Height | 2 Wheels | BIS Certified | Max Weight Capacity 50kg (Blue),"₹1,399.00",4.1 out of 5 stars,"3,358"
Toys & Games,#26,"Gooyo DB2060 Rechargeable 360° Rotating & Rolling Small Stunt Car Toy with USB Cable & Remote Controller | Red Color, Power Source: Lithium Battery in Car (Included)",₹385.00,3.8 out of 5 stars,"2,814"
Toys & Games,#27,Storio Rechargeable Wireless Mini Portable Bluetooth Karaoke Machine | Bluetooth Speaker with Microphone & LED Lights - Kids Music Singing Toys for Girl Boy Birthday Gift Ideas,₹399.00,3.5 out of 5 stars,"1,773"
Toys & Games,#28,"Little's Junior Ring (Plastic,Multicolour)",₹158.00,4.3 out of 5 stars,"49,596"
Toys & Games,#29,"Storescent Cute Panda Plush with Bamboo, Kawaii Soft Stuffed Animals Toy, Plushies Doll Gifts for Kids Girls Boys Birthday Valentine (Panda in Bamboo)",₹337.00,4.0 out of 5 stars,"2,172"
Toys & Games,#30,ToyTastic Magnetic Educational Chess Board Set with Folding Chess Board 2 Plyaers Travel Toys for Kids and Adults (10 Inch) (Black Color),₹260.00,4.1 out of 5 stars,"5,686"
Video Games,#1,Playstation | E-Gift Card | Instant Delivery | Valid for in-game purchases,N/A,4.7 out of 5 stars,"1,519"
Video Games,#2,Sony DualSense Wireless Controller White (PlayStation 5),"₹4,890.00",4.2 out of 5 stars,Sony
Video Games,#3,"Meyaar Anti-Slip PS5 Controller Skin, PS 5 Controller Accessories, Non-Slip Silicone PS 5 Cover Thumb Grip Gaps, Touch Pad Sticker and Cover Wrap Stickers (Pack of 1)",₹399.00,4.3 out of 5 stars,253
Video Games,#4,"Sounce 8 Pair / 16 Pcs Controller Thumb Grips PS5/PS4/Xbox One/360/Switch, Anti-Slip Joystick Caps for PS5 Remote Controller & Gamepads, Soft Silicone Thumb Stick Covers for Enhanced Grip & Protection",₹199.00,4.4 out of 5 stars,160
Video Games,#5,Xbox Game Pass Ultimate : 1 Month Membership (Digital Code),₹829.00,4.4 out of 5 stars,Xbox
Video Games,#6,Sony Ps5 Spiderman 2 Standard Edn.,"₹2,599.00",4.0 out of 5 stars,Sony
Video Games,#7,Roblox Gift Card- 100+ Robux Only,N/A,3.6 out of 5 stars,Fluxify
Video Games,#8,UniPin | Flat 5% Off |E-Gift Card |Instant Delivery |,N/A,4.2 out of 5 stars,176
Video Games,#9,PlayStation Sony God Of War Ragnarok | Standard Edition | PS5 Game (PlayStation 5),"₹2,099.00",4.5 out of 5 stars,Sony
Video Games,#10,Cranique Waterproof Dust cover for PS5 Gaming Console Digital Edition & Disc Edition Playstation 5 (Black),₹227.00,4.3 out of 5 stars,Cranique
Video Games,#11,Sony DualSense™ Charging Station,"₹2,190.00",4.5 out of 5 stars,Sony
Video Games,#12,"Stealodeal Universal Travel EVA Game Controller Carrying Case Gaming Accessory Box (for Xbox One, Xbox, Xbox 360, PS3, PS4, PS5 PS2)",₹380.00,4.6 out of 5 stars,"1,155"
Video Games,#13,Sony DualSense Wireless Controller Red (PlayStation 5),"₹4,890.00",4.5 out of 5 stars,Sony
Video Games,#14,"Ant Esports Dock5 RGB with Cooling Fan and Dual Controller Charger Station, PS5 Console Disc & Digital Edition, PS5 Cooling Station Accessories with RGB Light/Headset Holder/6 Game Slots/Screw (White)","₹2,099.00",4.4 out of 5 stars,Ant Esports
Video Games,#15,Sony Uncharted: Legacy Of Thieves Collection | Ps5 Game (Playstation 5),"₹1,599.00",4.6 out of 5 stars,Sony
Video Games,#16,Sony PlayStation®5 Digital Edition (slim) Console Video Game,"₹49,990.00",4.6 out of 5 stars,Sony
Video Games,#17,Robux Code - 1000 Robux (Digital Code- Email Delivery Within 1 Hour),"₹1,499.00",3.8 out of 5 stars,Reaper Shop
Video Games,#18,Rs.1000 Sony PlayStation Store Gift Card (Email Delivery in 1 hour- Digital Voucher Code),N/A,4.5 out of 5 stars,Sony interactive entertainment europe
Video Games,#19,"ZORBES® Dust Plug for PS5,9Pcs Dust Plug Kit for PS5/PS5 Slim Console,PS5 Silicone Plugs Protector Antidust Cover Dustproof Playstation 5 Disk/Digital Console Slim Game Accessories",₹337.00,4.2 out of 5 stars,242
Video Games,#20,PS5® Console - Fortnite Flowering Chaos Bundle,"₹54,990.00",5.0 out of 5 stars,Sony
Video Games,#21,Sony Gran Turismo 7 | Standard Edition | PS5 Game (PlayStation 5),"₹2,599.00",4.3 out of 5 stars,Sony
Video Games,#22,"8Bitdo Ultimate 2C Wired Controller for Windows PC and Android, with 1000Hz Polling Rate, Hall Effect Joysticks and Hall Triggers, and Remappable L4/R4 Bumpers (Green)","₹1,699.00",4.6 out of 5 stars,8Bitdo
Video Games,#23,"EDNITA Controller Cover for PS5 Silicone Skin, Controller Accessories, Non-Slip PS 5 Controller Cover Case with Thumb Grip Caps, Touch Pad Sticker and Cover Wrap Stickers (Pack of-1)",₹409.00,4.3 out of 5 stars,961
Video Games,#24,PS4 GOD OF WAR - Ragnarok Standard,"₹1,599.00",4.6 out of 5 stars,Sony
Video Games,#25,"Sounce Glacier Pad RGB PS5 Cooling Stand with Dual Controller Charging Station Vertical Stand with 5200RPM Cooling Fan, RGB Lights Compatible with PS5 Disc/Pro/Digital/Slim Consoles (White)","₹1,699.00",4.6 out of 5 stars,59
Video Games,#26,Sony PlayStation Ps5 Dualsense Wireless Controller - Chroma Teal,"₹5,349.00",4.2 out of 5 stars,Sony
Video Games,#27,Sony Ghost of Tsushima | Director's Cut | PS5 Game,"₹2,499.00",4.7 out of 5 stars,Sony
Video Games,#28,Playstation | E-Gift Card | Instant Delivery | Valid for in-game purchases,N/A,4.7 out of 5 stars,93
Video Games,#29,"NiTHO PS5 Controller Cover Case, Anti-Slip Soft Silicone Protective Skin for Playstation 5 Controller with Thumb Grip Caps, Joystick Protectors Kit Accessories for PS5 Wireless Controller - Camo",₹330.00,4.2 out of 5 stars,Nitho
Video Games,#30,Sony PS5 Ghost of Yotei,"₹5,116.00",4.4 out of 5 stars,Sony
Watches,#1,Casio Youth Series Digital Black Dial Unisex Watch - F-91W-1Q(D002),"₹1,294.00",4.5 out of 5 stars,"13,060"
Watches,#2,LEDO Men's and Women's Watch Box Holder Organizer Case In 12 Slots of watches In PU Leather with Black & Gray,₹747.00,4.4 out of 5 stars,"3,015"
Watches,#3,Amazon Basics Unisex Faux Leather Watch Organiser Box with 6 Slots |Watch Organiser with Transparent Lid (Black),₹519.00,4.1 out of 5 stars,"3,612"
Watches,#4,Casio Vintage A-158WA-1Q Digital Grey Dial Unisex Watch Silver Metal Strap (D011),"₹1,894.00",4.4 out of 5 stars,"53,685"
Watches,#5,TIMEX Classics Analog Watch for Men with Round Dial & Water Resistant Man's Wrist Watches,₹999.00,4.1 out of 5 stars,"23,828"
Watches,#6,Daniel Hechter Paris Bercy Collection Modern Multi Functional Watch for Men with Square Dial and Silicon Band-DHM1001,"₹2,799.00",4.3 out of 5 stars,792
Watches,#7,"Carlington Endurance Series Analog-Digital Sports Watches for Men and Boys with Alarm, Stopwatch, Backlit Display, Dualtime, Silicone Rubber Strap, Water & Shock Resiatant - CT_9105",₹999.00,4.1 out of 5 stars,"2,933"
Watches,#8,TIMEWEAR Analog Day Date Functioning Stainless Steel Chain Watch for Men,₹339.00,3.8 out of 5 stars,"16,288"
Watches,#9,"Matrix Black, Blue, White Dial, Day & Date Functioning, Stainless Steel Strap Analog Watch for Men & Women",₹289.00,3.8 out of 5 stars,"1,831"
Watches,#10,Matrix Antique 2.0 Day & Date Softest Silicone Strap Analog Watch for Men & Boys,₹289.00,4.0 out of 5 stars,"4,389"
Watches,#11,"Birch & Co. Faux Leather Watch Box Organizer,Watchcase Box For Unisex,Storage Tray,Wristwatch Collection Holder 12 Slots,Sleek & Durable Display Case For All Enthusiasts,Mohagany,Brown",₹793.00,4.0 out of 5 stars,989
Watches,#12,styledose Women Analogue Wrist Watches for Women's & Girls&Miss&Ladies Diamond Studded Dial Rosegold Colored Stylish Bracelet Strap,₹374.00,4.0 out of 5 stars,"1,346"
Watches,#13,SPIKY Analog Watch for Kids | 3D Cartoon | 7 Multicolor LED Luminous Lights with Silicone Strap | Unisex Best Birthday Gift | Analogue Wrist Watches for Boys & Girls | Age 3-10 yrs,₹464.00,4.0 out of 5 stars,"3,817"
Watches,#14,Casio Enticer Analog Black Dial Men's Watch - MTP-VD01D-1BVUDF (A1361),"₹2,995.00",4.4 out of 5 stars,"15,700"
Watches,#15,LOUIS DEVIN Rose Gold Plated Mesh Chain Analog Wrist Watch for Women (Black/Blue/Rose Gold Dial) | RG162,₹350.00,4.1 out of 5 stars,"2,158"
Watches,#16,Fastrack Tees Analog Grey Dial Unisex-Adult Watch-68011PP08,₹945.00,4.3 out of 5 stars,"2,283"
Watches,#17,"IIK COLLECTION 22mm Silicone Strap for Smart Watches | Combo Pack Compatible With Noise, Fireboltt, Boat Xtend, Pebble, Boat Flash, Noise Color Fit, Ultra Smart Watch & All Watches",₹253.00,3.9 out of 5 stars,"1,066"
Watches,#18,Titan Karishma Analog Black Dial Men's Watch -NM1639SM02 / NL1639SM02,"₹1,927.00",4.3 out of 5 stars,"2,956"
Watches,#19,"Galaxy Craft Elegant 12-Slot Watch Box Organizer – Premium PU Leather Storage Case with Lock, Pocket & Removable Cushions",₹491.00,4.4 out of 5 stars,389
Watches,#20,Shocknshop Digital Sports Multi Functional Black Dial Watch for Mens Boys -315RED,₹290.00,3.9 out of 5 stars,"10,419"
Watches,#21,Acnos Luminous LED Display Fashionable Children's Digital Watches - Waterproof Sports Square Electronic Led Watch for Boy & Girl,₹280.00,3.7 out of 5 stars,"3,323"
Watches,#22,"Matrix Blue, Black & Silver Dial, Day & Date Functioning, Stainless Steel Strap Analog Watch for Men & Women",₹289.00,3.7 out of 5 stars,"2,497"
Watches,#23,LEDO Men's and Women's Watch Box Holder Organizer Case In 12 Slots of watches In PU Leather with Royal Black color,₹679.00,4.4 out of 5 stars,"4,536"
Watches,#24,Acnos® Premium Brand Digital 4 Colours Square Dial Unisex Wrist Watch for Men Women Pack of 1 (WR),₹280.00,3.7 out of 5 stars,"2,297"
Watches,#25,Acnos® Premium Brand - A Digital Watch Shockproof Multi-Functional Automatic 5 Color Army Strap Waterproof Digital Sports Watch for Men's Kids Watch for Boys Watch for Men Pack of 1,₹280.00,4.2 out of 5 stars,"2,472"
Watches,#26,Titan Karishma Analog Champagne Dial Women's Watch -NM2598YM01 / NL2598YM01,"₹1,994.00",4.2 out of 5 stars,"3,385"
Watches,#27,Matrix Minimalist Dial with Softest Silicone Strap Analog Wrist Watch for Men & Boys,₹265.00,4.0 out of 5 stars,"1,059"
Watches,#28,Casio Enticer Men Analog Blue Dial Men MTP-1302PD-2AVEF (A2227),"₹3,675.00",4.5 out of 5 stars,"10,691"
Watches,#29,"SWADESI STUFF Stainless Steel Date Display Mens Wrist Analogue Watch (Blue), Dial-Color:Multicolour, Band Color:Silver",₹457.00,4.2 out of 5 stars,456
Watches,#30,Matrix Kids Edition 3D Heads Up with 6 Image Projection Digital Watch for Kids,₹265.00,4.2 out of 5 stars,202
